RMBS,102815,2017-10-04 20:27:45,901,1,0,7530,400,V.T.,Pagante
RMBS,168083,2016-10-05 22:37:46,901,0,0,7530,400,V.T.,Pagante
RMBS,168083,2016-10-07 22:43:20,901,0,0,7530,400,V.T.,Pagante
RMBS,127474,2017-10-02 16:34:30,901,1,0,7530,400,V.T.,Pagante
RMBS,13054,2016-10-07 09:00:24,901,0,0,7530,400,V.T.,Pagante
RMBS,54171,2017-10-07 23:46:14,901,1,0,7530,400,V.T.,Pagante
RMBS,1175,2017-10-03 07:18:24,901,0,0,7530,400,V.T.,Pagante
RMBS,141840,2016-10-02 21:06:21,900,1,0,7530,410,V.T.,Pagante
RMBS,143990,2016-10-06 17:40:37,901,1,0,7530,410,V.T.,Pagante
RMBS,21934,2017-10-01 16:26:11,901,1,0,7530,400,V.T.,Pagante
RMBS,273,2016-10-03 11:48:27,901,1,0,7530,400,V.T.,Pagante
RMBS,87129,2016-10-04 23:23:27,901,1,0,7530,400,V.T.,Pagante
RMBS,98975,2016-10-06 08:40:05,901,0,0,7530,400,V.T.,Pagante
RMBS,109906,2017-10-06 13:29:15,901,0,0,7530,400,V.T.,Pagante
RMBS,69698,2017-10-07 09:17:29,901,0,0,7530,400,V.T.,Pagante
RMBS,167893,2017-10-03 16:30:02,901,1,0,7530,400,V.T.,Pagante
RMBS,167893,2017-10-05 16:28:03,901,1,0,7530,400,V.T.,Pagante
RMBS,12685,2016-10-07 06:57:42,901,0,0,7530,400,V.T.,Pagante
RMBS,34324,2016-10-05 16:50:35,901,0,0,7530,410,V.T.,Pagante
RMBS,148997,2017-10-03 05:40:57,901,0,0,7530,400,V.T.,Pagante
RMBS,148997,2017-10-02 05:41:19,901,0,0,7530,400,V.T.,Pagante
RMBS,166447,2016-10-02 22:13:18,900,0,0,7530,410,V.T.,Pagante
RMBS,166447,2016-10-02 22:13:23,900,0,0,7530,410,V.T.,Pagante
RMBS,52621,2017-10-07 20:09:07,901,1,0,7530,400,V.T.,Pagante
RMBS,26063,2016-10-03 07:01:32,901,0,0,7530,410,V.T.,Pagante
RMBS,57431,2016-10-06 07:56:15,901,1,0,7530,400,V.T.,Pagante
RMBS,57431,2016-10-06 21:04:49,901,0,0,7530,400,V.T.,Pagante
RMBS,88525,2017-10-07 20:14:52,901,1,0,7530,400,V.T.,Pagante
RMBS,72212,2017-10-04 20:00:33,901,0,0,7530,400,V.T.,Pagante
RMBS,154380,2017-10-04 18:10:10,901,0,0,7530,400,V.T.,Pagante
RMBS,52443,2017-10-04 11:17:41,901,0,0,7530,400,V.T.,Pagante
RMBS,109778,2016-10-04 23:20:30,901,1,0,7530,410,V.T.,Pagante
RMBS,111001,2017-10-05 19:11:17,901,1,0,7530,400,V.T.,Pagante
RMBS,48879,2016-10-01 00:31:30,900,1,0,7530,410,V.T.,Pagante
RMBS,48879,2016-10-01 00:31:37,900,1,0,7530,410,V.T.,Pagante
RMBS,158328,2017-10-07 16:10:41,901,0,0,7530,400,V.T.,Pagante
RMBS,119775,2016-10-06 13:49:25,901,1,0,7530,410,V.T.,Pagante
RMBS,150665,2016-10-06 21:58:46,901,1,0,7530,410,V.T.,Pagante
RMBS,49056,2016-10-07 14:14:03,901,1,0,7530,400,V.T.,Pagante
RMBS,43109,2017-10-02 18:30:55,901,0,0,7530,400,V.T.,Pagante
RMBS,43109,2016-10-07 20:14:27,901,0,0,7530,400,V.T.,Pagante
RMBS,79553,2016-10-05 21:06:57,901,0,0,7530,400,V.T.,Pagante
RMBS,53661,2017-10-05 15:33:37,901,0,0,7530,400,V.T.,Pagante
RMBS,18338,2017-10-07 21:10:37,901,0,0,7530,400,V.T.,Pagante
RMBS,38034,2017-10-04 18:09:53,901,0,0,7530,400,V.T.,Pagante
RMBS,47596,2017-10-02 14:40:41,901,1,1,7530,400,V.T.,Pagante
RMBS,109749,2016-10-05 23:22:24,901,1,0,7530,400,V.T.,Pagante
RMBS,109749,2016-10-06 23:22:29,901,1,0,7530,400,V.T.,Pagante
RMBS,154142,2016-10-05 14:35:42,901,0,0,7530,400,V.T.,Pagante
RMBS,48656,2016-10-03 11:51:45,901,1,0,7530,410,V.T.,Pagante
RMBS,61058,2016-10-06 07:09:07,901,0,0,7530,400,V.T.,Pagante
RMBS,61058,2016-10-07 07:05:53,901,0,0,7530,400,V.T.,Pagante
RMBS,56528,2016-10-06 19:11:33,901,0,0,7530,400,V.T.,Pagante
RMBS,166961,2016-10-03 08:47:55,901,0,0,7530,400,V.T.,Pagante
RMBS,166961,2016-10-04 08:47:00,901,0,0,7530,400,V.T.,Pagante
RMBS,108183,2017-10-03 16:22:50,901,1,0,7530,400,V.T.,Pagante
RMBS,108183,2017-10-02 16:16:45,901,1,0,7530,400,V.T.,Pagante
RMBS,108183,2017-10-04 16:23:01,901,1,0,7530,400,V.T.,Pagante
RMBS,3048,2016-10-06 12:34:33,901,0,0,7530,410,V.T.,Pagante
RMBS,21787,2017-10-07 14:06:00,901,1,0,7530,400,V.T.,Pagante
RMBS,67920,2017-10-02 07:37:03,901,0,0,7530,400,V.T.,Pagante
RMBS,106988,2016-10-07 10:37:32,901,0,0,7530,410,V.T.,Pagante
RMBS,106988,2016-10-05 10:36:09,901,0,0,7530,410,V.T.,Pagante
RMBS,131392,2017-10-02 13:10:46,901,0,0,7530,400,V.T.,Pagante
RMBS,131392,2017-10-03 13:11:08,901,0,0,7530,400,V.T.,Pagante
RMBS,131392,2017-10-06 13:09:03,901,0,0,7530,400,V.T.,Pagante
RMBS,131392,2017-10-05 13:08:32,901,0,0,7530,400,V.T.,Pagante
RMBS,131392,2017-10-04 13:10:04,901,0,0,7530,400,V.T.,Pagante
RMBS,77430,2016-10-05 14:39:40,901,0,0,7530,400,V.T.,Pagante
RMBS,50460,2016-10-06 21:45:54,901,0,0,7530,400,V.T.,Pagante
RMBS,50460,2016-10-07 14:40:39,901,0,0,7530,400,V.T.,Pagante
RMBS,50460,2016-10-05 21:42:07,901,0,0,7530,400,V.T.,Pagante
RMBS,5577,2017-10-07 07:22:12,901,0,0,7530,400,V.T.,Pagante
RMBS,120007,2016-10-07 20:43:06,901,1,0,7530,410,V.T.,Pagante
RMBS,64732,2016-10-04 17:43:57,901,1,0,7530,410,V.T.,Pagante
RMBS,161291,2017-10-07 15:48:50,901,0,0,7530,400,V.T.,Pagante
RMBS,132668,2017-10-07 12:25:55,901,1,0,7530,400,V.T.,Pagante
RMBS,75365,2016-10-05 10:29:32,901,0,0,7530,400,V.T.,Pagante
RMBS,110335,2017-10-06 20:30:33,901,1,0,7530,400,V.T.,Pagante
RMBS,104425,2016-10-07 10:33:47,901,0,0,7530,400,V.T.,Pagante
RMBS,135275,2016-10-06 17:41:42,901,1,0,7530,410,V.T.,Pagante
RMBS,52064,2017-10-04 21:49:26,901,0,0,7530,400,V.T.,Pagante
RMBS,99040,2016-10-03 08:58:59,901,0,0,7530,400,V.T.,Pagante
RMBS,109956,2016-10-06 08:42:08,901,0,0,7530,400,V.T.,Pagante
RMBS,109956,2016-10-07 08:21:13,901,1,0,7530,400,V.T.,Pagante
RMBS,109956,2016-10-07 08:41:16,901,0,0,7530,400,V.T.,Pagante
RMBS,109956,2016-10-05 08:40:55,901,0,0,7530,400,V.T.,Pagante
RMBS,149268,2017-10-05 17:54:31,901,0,0,7530,400,V.T.,Pagante
RMBS,86555,2016-10-06 23:27:08,901,1,0,7530,400,V.T.,Pagante
RMBS,55058,2016-10-06 10:52:18,901,0,0,7530,400,V.T.,Pagante
RMBS,153804,2017-10-03 20:38:17,901,1,0,7530,400,V.T.,Pagante
RMBS,16814,2017-10-06 12:46:52,901,1,1,7530,400,V.T.,Pagante
RMBS,168414,2017-10-03 22:33:58,901,1,0,7530,400,V.T.,Pagante
RMBS,58458,2017-10-07 23:52:53,901,1,0,7530,400,V.T.,Pagante
RMBS,59329,2017-10-07 10:20:34,901,1,0,7530,400,V.T.,Pagante
RMBS,78847,2016-10-06 12:33:19,901,0,0,7530,400,V.T.,Pagante
RMBS,39348,2017-10-03 16:20:28,901,1,0,7530,400,V.T.,Pagante
RMBS,85024,2017-10-02 22:48:02,901,1,0,7530,400,V.T.,Pagante
RMBS,80956,2017-10-06 13:08:05,901,0,0,7530,400,V.T.,Pagante
RMBS,60670,2016-10-06 07:43:41,901,0,0,7530,400,V.T.,Pagante
RMBS,60670,2016-10-07 07:46:32,901,0,0,7530,400,V.T.,Pagante
RMBS,60670,2016-10-04 07:25:17,901,0,0,7530,400,V.T.,Pagante
RMBS,60670,2016-10-03 07:23:08,901,0,0,7530,400,V.T.,Pagante
RMBS,92534,2016-10-04 14:34:50,901,0,0,7530,400,V.T.,Pagante
RMBS,77341,2017-10-05 11:28:19,901,0,0,7530,400,V.T.,Pagante
RMBS,77341,2017-10-04 11:28:54,901,0,0,7530,400,V.T.,Pagante
RMBS,138249,2016-10-06 07:40:01,901,0,0,7530,400,V.T.,Pagante
RMBS,138249,2016-10-07 07:15:18,901,0,0,7530,400,V.T.,Pagante
RMBS,138249,2016-10-04 07:14:18,901,0,0,7530,400,V.T.,Pagante
RMBS,106068,2017-10-03 13:54:09,901,0,0,7530,400,V.T.,Pagante
RMBS,18180,2017-10-05 13:26:54,901,0,0,7530,400,V.T.,Pagante
RMBS,74869,2016-10-06 12:37:35,901,0,0,7530,410,V.T.,Pagante
RMBS,74869,2016-10-04 12:36:53,901,0,0,7530,410,V.T.,Pagante
RMBS,59179,2017-10-07 11:21:23,901,0,0,7530,400,V.T.,Pagante
RMBS,109100,2017-10-03 07:24:36,901,0,0,7530,400,V.T.,Pagante
RMBS,109100,2017-10-04 07:24:32,901,0,0,7530,400,V.T.,Pagante
RMBS,109100,2016-10-01 07:20:16,901,0,0,7530,400,V.T.,Pagante
RMBS,49471,2016-10-04 06:53:59,901,0,0,7530,410,V.T.,Pagante
RMBS,49471,2016-10-05 06:53:00,901,0,0,7530,410,V.T.,Pagante
RMBS,109334,2017-10-07 14:41:32,901,1,0,7530,400,V.T.,Pagante
RMBS,100309,2016-10-04 08:55:01,901,0,0,7530,400,V.T.,Pagante
RMBS,31858,2017-10-03 07:24:48,901,0,0,7530,400,V.T.,Pagante
RMBS,31858,2017-10-04 07:24:38,901,0,0,7530,400,V.T.,Pagante
RMBS,14970,2016-10-05 17:57:01,901,1,0,7530,410,V.T.,Pagante
RMBS,14970,2016-10-03 17:44:57,901,1,0,7530,410,V.T.,Pagante
RMBS,29470,2017-10-01 12:39:28,901,1,0,7530,400,V.T.,Pagante
RMBS,117485,2017-10-01 11:58:05,901,0,0,7530,400,V.T.,Pagante
RMBS,24922,2016-10-06 09:06:39,901,0,0,7530,410,V.T.,Pagante
RMBS,36836,2017-10-03 11:38:56,901,0,0,7530,400,V.T.,Pagante
RMBS,132393,2016-10-07 12:44:52,901,0,0,7530,400,V.T.,Pagante
RMBS,147649,2017-10-05 18:44:35,901,1,0,7530,400,V.T.,Pagante
RMBS,130826,2016-10-07 20:14:41,901,0,0,7530,400,V.T.,Pagante
RMBS,92053,2016-10-07 08:43:29,901,0,0,7530,410,V.T.,Pagante
RMBS,134258,2017-10-05 22:48:43,901,1,0,7530,400,V.T.,Pagante
RMBS,138776,2017-10-03 11:35:13,901,0,0,7530,400,V.T.,Pagante
RMBS,138776,2017-10-02 11:32:43,901,0,0,7530,400,V.T.,Pagante
RMBS,138776,2017-10-04 11:38:54,901,0,0,7530,400,V.T.,Pagante
RMBS,88928,2016-10-05 17:54:16,901,1,0,7530,400,V.T.,Pagante
RMBS,37290,2017-10-06 11:38:03,901,0,0,7530,400,V.T.,Pagante
RMBS,69853,2016-10-02 21:12:28,900,1,0,7530,400,V.T.,Pagante
RMBS,69141,2016-10-05 21:07:06,901,0,0,7530,400,V.T.,Pagante
RMBS,64392,2016-10-07 18:33:59,901,1,0,7530,410,V.T.,Pagante
RMBS,64392,2016-10-07 18:34:06,901,1,0,7530,410,V.T.,Pagante
RMBS,57877,2016-10-05 09:29:33,901,0,0,7530,400,V.T.,Pagante
RMBS,53490,2017-10-07 09:12:41,901,0,0,7530,400,V.T.,Pagante
RMBS,53490,2017-10-07 12:29:22,901,1,0,7530,400,V.T.,Pagante
RMBS,53490,2017-10-04 18:50:17,901,1,0,7530,400,V.T.,Pagante
RMBS,46834,2017-10-04 19:13:10,901,1,0,7530,400,V.T.,Pagante
RMBS,159354,2016-10-06 08:52:11,901,0,0,7530,400,V.T.,Pagante
RMBS,159354,2017-10-01 10:22:00,901,0,0,7530,400,V.T.,Pagante
RMBS,21655,2017-10-05 16:36:54,901,1,0,7530,400,V.T.,Pagante
RMBS,35741,2017-10-04 12:18:21,901,1,0,7530,400,V.T.,Pagante
RMBS,146818,2017-10-05 22:44:20,901,1,0,7530,400,V.T.,Pagante
RMBS,115220,2017-10-07 16:19:07,901,1,0,7530,400,V.T.,Pagante
RMBS,115220,2017-10-06 16:22:12,901,1,0,7530,400,V.T.,Pagante
RMBS,115220,2017-10-04 16:23:57,901,1,0,7530,400,V.T.,Pagante
RMBS,89329,2016-10-06 17:41:35,901,1,0,7530,410,V.T.,Pagante
RMBS,124160,2017-10-05 18:47:22,901,1,0,7530,400,V.T.,Pagante
RMBS,66174,2017-10-06 16:19:56,901,1,0,7530,400,V.T.,Pagante
RMBS,125340,2016-10-04 11:21:37,901,1,0,7530,410,V.T.,Pagante
RMBS,65096,2016-10-07 15:47:02,901,1,0,7530,400,V.T.,Pagante
RMBS,142481,2017-10-06 20:26:13,901,0,0,7530,400,V.T.,Pagante
RMBS,55116,2016-10-05 16:01:43,901,1,0,7530,400,V.T.,Pagante
RMBS,74003,2017-10-01 13:44:18,901,0,0,7530,400,V.T.,Pagante
RMBS,74003,2017-10-01 21:48:13,901,0,0,7530,400,V.T.,Pagante
RMBS,37651,2017-10-04 18:07:52,901,0,0,7530,400,V.T.,Pagante
RMBS,21557,2017-10-06 10:08:57,901,0,0,7530,400,V.T.,Pagante
RMBS,86232,2016-10-03 06:48:57,901,0,0,7530,400,V.T.,Pagante
RMBS,102444,2017-10-03 13:10:52,901,0,0,7530,400,V.T.,Pagante
RMBS,102444,2017-10-05 13:08:39,901,0,0,7530,400,V.T.,Pagante
RMBS,102444,2017-10-04 13:09:58,901,0,0,7530,400,V.T.,Pagante
RMBS,119208,2017-10-01 14:56:59,901,1,0,7530,400,V.T.,Pagante
RMBS,119208,2017-10-01 14:57:03,901,1,0,7530,400,V.T.,Pagante
RMBS,94961,2016-10-06 17:04:27,901,0,0,7530,410,V.T.,Pagante
RMBS,94961,2016-10-04 17:04:17,901,0,0,7530,410,V.T.,Pagante
RMBS,117058,2017-10-06 05:31:34,901,0,0,7530,400,V.T.,Pagante
RMBS,117058,2017-10-05 05:33:31,901,0,0,7530,400,V.T.,Pagante
RMBS,67178,2017-10-03 07:37:12,901,0,0,7530,400,V.T.,Pagante
RMBS,29134,2017-10-02 17:47:32,901,0,0,7530,400,V.T.,Pagante
RMBS,29134,2017-10-04 18:00:44,901,0,0,7530,400,V.T.,Pagante
RMBS,32906,2016-10-03 18:26:02,901,1,0,7530,410,V.T.,Pagante
RMBS,56651,2016-10-06 09:01:45,901,0,0,7530,410,V.T.,Pagante
RMBS,98421,2016-10-02 22:04:48,900,0,0,7530,410,V.T.,Pagante
RMBS,98421,2016-10-02 22:04:56,900,0,0,7530,410,V.T.,Pagante
RMBS,18969,2017-10-02 07:44:26,901,0,0,7530,400,V.T.,Pagante
RMBS,30740,2017-10-03 22:30:40,901,1,0,7530,400,V.T.,Pagante
RMBS,30740,2017-10-05 22:30:22,901,1,0,7530,400,V.T.,Pagante
RMBS,30740,2017-10-04 22:43:16,901,1,0,7530,400,V.T.,Pagante
RMBS,109285,2016-10-03 15:25:02,901,0,0,7530,400,V.T.,Pagante
RMBS,34999,2016-10-05 11:26:22,901,1,0,7530,410,V.T.,Pagante
RMBS,34999,2016-10-05 11:26:28,901,1,0,7530,410,V.T.,Pagante
RMBS,13878,2016-10-01 12:08:06,901,1,0,7530,410,V.T.,Pagante
RMBS,101315,2016-10-06 11:51:30,901,1,0,7530,410,V.T.,Pagante
RMBS,101315,2016-10-07 14:06:43,901,1,0,7530,410,V.T.,Pagante
RMBS,10753,2017-10-07 07:37:26,901,0,0,7530,400,V.T.,Pagante
RMBS,78571,2017-10-03 09:46:48,901,0,0,7530,400,V.T.,Pagante
RMBS,129824,2016-10-05 13:19:39,901,1,0,7530,400,V.T.,Pagante
RMBS,129824,2016-10-06 13:24:28,901,1,0,7530,400,V.T.,Pagante
RMBS,129824,2016-10-03 13:22:48,901,1,0,7530,400,V.T.,Pagante
RMBS,118749,2017-10-04 16:25:27,901,1,0,7530,400,V.T.,Pagante
RMBS,61008,2016-10-04 14:45:36,901,0,0,7530,410,V.T.,Pagante
RMBS,155306,2017-10-05 16:22:24,901,1,0,7530,400,V.T.,Pagante
RMBS,155308,2016-10-07 07:31:06,901,0,0,7530,400,V.T.,Pagante
RMBS,9723,2016-10-06 06:55:09,901,0,0,7530,410,V.T.,Pagante
RMBS,122208,2016-10-07 23:28:26,901,1,0,7530,410,V.T.,Pagante
RMBS,122208,2016-10-04 23:23:14,901,1,0,7530,410,V.T.,Pagante
RMBS,17963,2017-10-06 11:16:24,901,0,0,7530,400,V.T.,Pagante
RMBS,100208,2016-10-01 23:47:49,901,1,0,7530,400,V.T.,Pagante
RMBS,98217,2016-10-07 20:29:51,901,1,0,7530,400,V.T.,Pagante
RMBS,71237,2017-10-02 05:58:40,901,0,0,7530,400,V.T.,Pagante
RMBS,28349,2017-10-02 20:01:15,901,0,0,7530,400,V.T.,Pagante
RMBS,14760,2017-10-02 09:26:23,901,0,0,7530,400,V.T.,Pagante
RMBS,127183,2016-10-06 21:20:36,901,0,0,7530,400,V.T.,Pagante
RMBS,153669,2017-10-06 20:39:05,901,1,0,7530,400,V.T.,Pagante
RMBS,153669,2017-10-06 20:39:14,901,1,0,7530,400,V.T.,Pagante
RMBS,154360,2017-10-05 00:12:48,901,1,0,7530,400,V.T.,Pagante
RMBS,62156,2016-10-07 17:50:30,901,1,0,7530,410,V.T.,Pagante
RMBS,52058,2016-10-01 09:50:32,901,0,0,7530,400,V.T.,Pagante
RMBS,116668,2016-10-03 21:43:02,901,1,0,7530,400,V.T.,Pagante
RMBS,99010,2016-10-03 10:29:36,901,0,0,7530,400,V.T.,Pagante
RMBS,113907,2016-10-04 16:59:55,901,0,0,7530,410,V.T.,Pagante
RMBS,137728,2016-10-07 15:58:54,901,1,0,7530,400,V.T.,Pagante
RMBS,76074,2016-10-07 07:30:16,901,0,0,7530,410,V.T.,Pagante
RMBS,76074,2016-10-03 07:11:52,901,0,0,7530,410,V.T.,Pagante
RMBS,119967,2016-10-05 15:46:52,901,1,0,7530,410,V.T.,Pagante
RMBS,23408,2016-10-01 13:22:49,901,0,0,7530,400,V.T.,Pagante
RMBS,140101,2017-10-04 18:16:45,901,0,0,7530,400,V.T.,Pagante
RMBS,139517,2016-10-04 10:29:19,901,0,0,7530,410,V.T.,Pagante
RMBS,124047,2016-10-06 16:47:22,901,0,0,7530,410,V.T.,Pagante
RMBS,34896,2016-10-05 15:57:56,901,1,0,7530,410,V.T.,Pagante
RMBS,5797,2016-10-01 14:02:59,901,1,0,7530,400,V.T.,Pagante
RMBS,82871,2017-10-05 15:43:48,901,0,0,7530,400,V.T.,Pagante
RMBS,94277,2016-10-05 15:49:31,901,1,0,7530,410,V.T.,Pagante
RMBS,157998,2017-10-01 13:07:23,901,1,0,7530,400,V.T.,Pagante
RMBS,144044,2016-10-07 12:27:36,901,0,0,7530,400,V.T.,Pagante
RMBS,93673,2016-10-06 06:40:51,901,0,0,7530,400,V.T.,Pagante
RMBS,93673,2016-10-01 12:33:16,901,1,0,7530,400,V.T.,Pagante
RMBS,102574,2017-10-02 07:28:38,901,0,0,7530,400,V.T.,Pagante
RMBS,102574,2017-10-04 07:27:41,901,0,0,7530,400,V.T.,Pagante
RMBS,100494,2016-10-03 06:55:04,901,0,0,7530,400,V.T.,Pagante
RMBS,112159,2017-10-03 09:40:20,901,0,0,7530,400,V.T.,Pagante
RMBS,131101,2016-10-04 08:37:04,901,0,0,7530,400,V.T.,Pagante
RMBS,15399,2016-10-05 13:34:54,901,1,0,7530,410,V.T.,Pagante
RMBS,100720,2017-10-03 16:30:13,901,1,0,7530,400,V.T.,Pagante
RMBS,100720,2017-10-04 16:32:47,901,1,0,7530,400,V.T.,Pagante
RMBS,86220,2017-10-03 17:48:32,901,0,0,7530,400,V.T.,Pagante
RMBS,168256,2016-10-03 08:44:13,901,0,0,7530,400,V.T.,Pagante
RMBS,16499,2016-10-01 07:21:41,901,0,0,7530,410,V.T.,Pagante
RMBS,52485,2016-10-06 07:39:35,901,0,0,7530,410,V.T.,Pagante
RMBS,62642,2016-10-06 12:50:00,901,0,0,7530,400,V.T.,Pagante
RMBS,54772,2016-10-07 20:30:10,901,1,0,7530,400,V.T.,Pagante
RMBS,81976,2017-10-04 20:32:55,901,1,0,7530,400,V.T.,Pagante
RMBS,91033,2017-10-07 11:20:21,901,0,0,7530,400,V.T.,Pagante
RMBS,117315,2016-10-03 15:44:34,901,1,0,7530,410,V.T.,Pagante
RMBS,73270,2017-10-03 18:21:03,901,0,0,7530,400,V.T.,Pagante
RMBS,73271,2017-10-03 13:33:48,901,0,0,7530,400,V.T.,Pagante
RMBS,73271,2017-10-02 13:33:46,901,0,0,7530,400,V.T.,Pagante
RMBS,25438,2017-10-03 05:42:18,901,0,0,7530,400,V.T.,Pagante
RMBS,25438,2017-10-02 05:41:51,901,0,0,7530,400,V.T.,Pagante
RMBS,25438,2017-10-06 05:42:36,901,0,0,7530,400,V.T.,Pagante
RMBS,25438,2017-10-05 05:41:03,901,0,0,7530,400,V.T.,Pagante
RMBS,25438,2017-10-04 05:41:10,901,0,0,7530,400,V.T.,Pagante
RMBS,134146,2017-10-04 18:45:38,901,1,0,7530,400,V.T.,Pagante
RMBS,721,2016-10-05 14:56:43,901,0,0,7530,410,V.T.,Pagante
RMBS,721,2016-10-05 17:48:12,901,1,0,7530,410,V.T.,Pagante
RMBS,75260,2016-10-05 12:48:08,901,0,0,7530,400,V.T.,Pagante
RMBS,38749,2016-10-06 08:38:19,901,0,0,7530,400,V.T.,Pagante
RMBS,135306,2016-10-01 14:07:27,901,1,0,7530,410,V.T.,Pagante
RMBS,152538,2017-10-02 12:12:49,901,1,0,7530,400,V.T.,Pagante
RMBS,152538,2017-10-06 12:10:10,901,1,0,7530,400,V.T.,Pagante
RMBS,152538,2017-10-05 12:08:47,901,1,0,7530,400,V.T.,Pagante
RMBS,62405,2017-10-01 20:35:27,901,1,0,7530,400,V.T.,Pagante
RMBS,96955,2016-10-01 00:03:11,900,0,0,7530,400,V.T.,Pagante
RMBS,8635,2017-10-03 14:06:07,901,1,0,7530,400,V.T.,Pagante
RMBS,123610,2016-10-06 12:29:24,901,0,0,7530,410,V.T.,Pagante
RMBS,120576,2016-10-04 17:33:16,901,0,0,7530,400,V.T.,Pagante
RMBS,82544,2016-10-06 21:20:10,901,0,0,7530,400,V.T.,Pagante
RMBS,82544,2016-10-06 21:20:16,901,0,0,7530,400,V.T.,Pagante
RMBS,1801,2017-10-07 18:22:53,901,1,0,7530,400,V.T.,Pagante
RMBS,112585,2016-10-06 22:01:36,901,1,0,7530,400,V.T.,Pagante
RMBS,115670,2017-10-03 05:45:49,901,0,0,7530,400,V.T.,Pagante
RMBS,113617,2017-10-05 18:38:18,901,1,0,7530,400,V.T.,Pagante
RMBS,102653,2017-10-07 07:24:42,901,0,0,7530,400,V.T.,Pagante
RMBS,24594,2016-10-03 16:03:30,901,1,0,7530,400,V.T.,Pagante
RMBS,38156,2016-10-04 09:51:03,901,1,0,7530,400,V.T.,Pagante
RMBS,157206,2016-10-04 23:22:42,901,1,0,7530,410,V.T.,Pagante
RMBS,88852,2017-10-03 12:04:51,901,1,0,7530,400,V.T.,Pagante
RMBS,80706,2016-10-01 18:14:13,901,1,0,7530,410,V.T.,Pagante
RMBS,149008,2017-10-03 16:30:07,901,1,0,7530,400,V.T.,Pagante
RMBS,149008,2017-10-04 16:35:33,901,1,0,7530,400,V.T.,Pagante
RMBS,4095,2017-10-07 21:09:11,901,0,0,7530,400,V.T.,Pagante
RMBS,4095,2017-10-04 13:09:03,901,0,0,7530,400,V.T.,Pagante
RMBS,4094,2016-10-03 15:38:06,901,1,0,7530,400,V.T.,Pagante
RMBS,20499,2016-10-05 17:57:16,901,1,0,7530,410,V.T.,Pagante
RMBS,51561,2017-10-01 11:54:00,901,0,0,7530,400,V.T.,Pagante
RMBS,51561,2017-10-01 11:54:06,901,0,0,7530,400,V.T.,Pagante
RMBS,27670,2016-10-04 10:31:05,901,0,0,7530,410,V.T.,Pagante
RMBS,71457,2017-10-05 05:39:01,901,0,0,7530,400,V.T.,Pagante
RMBS,133951,2016-10-01 18:09:05,901,1,0,7530,400,V.T.,Pagante
RMBS,34348,2016-10-05 17:14:38,901,0,0,7530,400,V.T.,Pagante
RMBS,131796,2016-10-01 11:37:48,901,0,0,7530,410,V.T.,Pagante
RMBS,58042,2017-10-02 16:31:41,901,1,0,7530,400,V.T.,Pagante
RMBS,58042,2017-10-04 16:36:25,901,1,0,7530,400,V.T.,Pagante
RMBS,34340,2017-10-06 20:26:08,901,0,0,7530,400,V.T.,Pagante
RMBS,34340,2017-10-05 20:24:15,901,0,0,7530,400,V.T.,Pagante
RMBS,122344,2017-10-02 22:24:22,901,1,0,7530,400,V.T.,Pagante
RMBS,122344,2017-10-01 16:16:00,901,1,0,7530,400,V.T.,Pagante
RMBS,122344,2017-10-05 22:26:03,901,1,0,7530,400,V.T.,Pagante
RMBS,122344,2017-10-04 22:39:06,901,1,0,7530,400,V.T.,Pagante
RMBS,127595,2016-10-07 20:17:44,901,0,0,7530,400,V.T.,Pagante
RMBS,161865,2017-10-01 22:06:00,901,1,0,7530,400,V.T.,Pagante
RMBS,161865,2016-10-01 22:03:43,901,1,0,7530,400,V.T.,Pagante
RMBS,49130,2016-10-07 23:32:08,901,1,0,7530,410,V.T.,Pagante
RMBS,114900,2017-10-03 20:49:30,901,1,1,7530,400,V.T.,Pagante
RMBS,79474,2016-10-03 06:47:05,901,0,0,7530,400,V.T.,Pagante
RMBS,79474,2016-10-06 06:45:55,901,0,0,7530,400,V.T.,Pagante
RMBS,79474,2016-10-07 06:46:48,901,0,0,7530,400,V.T.,Pagante
RMBS,102404,2016-10-03 16:10:41,901,1,0,7530,400,V.T.,Pagante
RMBS,11854,2016-10-04 09:47:59,901,1,0,7530,410,V.T.,Pagante
RMBS,88586,2016-10-03 13:15:16,901,0,0,7530,400,V.T.,Pagante
RMBS,27487,2017-10-07 09:41:53,901,0,0,7530,400,V.T.,Pagante
RMBS,161602,2017-10-04 07:41:15,901,0,0,7530,400,V.T.,Pagante
RMBS,19898,2017-10-03 05:58:24,901,0,0,7530,400,V.T.,Pagante
RMBS,19898,2017-10-05 05:58:09,901,0,0,7530,400,V.T.,Pagante
RMBS,105148,2017-10-07 09:42:16,901,0,0,7530,400,V.T.,Pagante
RMBS,44720,2016-10-03 11:57:27,901,1,0,7530,400,V.T.,Pagante
RMBS,70972,2017-10-07 23:50:07,901,1,0,7530,400,V.T.,Pagante
RMBS,70972,2017-10-07 23:50:07,901,1,0,7530,400,V.T.,Pagante
RMBS,56129,2017-10-06 16:43:55,901,1,0,7530,400,V.T.,Pagante
RMBS,98866,2017-10-01 14:41:02,901,1,0,7530,400,V.T.,Pagante
RMBS,145923,2016-10-05 21:50:53,901,1,0,7530,400,V.T.,Pagante
RMBS,4730,2017-10-05 18:31:25,901,1,0,7530,400,V.T.,Pagante
RMBS,4621,2016-10-03 07:09:33,901,0,0,7530,400,V.T.,Pagante
RMBS,4621,2016-10-06 07:14:20,901,0,0,7530,400,V.T.,Pagante
RMBS,4621,2016-10-05 07:10:01,901,0,0,7530,400,V.T.,Pagante
RMBS,4621,2016-10-05 07:10:01,901,0,0,7530,400,V.T.,Pagante
RMBS,84484,2016-10-04 22:53:02,901,0,0,7530,400,V.T.,Pagante
RMBS,30830,2017-10-01 08:45:20,901,0,0,7530,400,V.T.,Pagante
RMBS,251,2016-10-06 17:56:29,901,1,0,7530,400,V.T.,Pagante
RMBS,35483,2016-10-01 11:17:43,901,0,0,7530,410,V.T.,Pagante
RMBS,45469,2017-10-06 09:21:52,901,0,0,7530,400,V.T.,Pagante
RMBS,45469,2017-10-06 09:22:02,901,0,0,7530,400,V.T.,Pagante
RMBS,92245,2016-10-04 06:50:12,901,0,0,7530,410,V.T.,Pagante
RMBS,92245,2016-10-05 06:49:15,901,0,0,7530,410,V.T.,Pagante
RMBS,19817,2017-10-06 20:16:23,901,0,0,7530,400,V.T.,Pagante
RMBS,8054,2017-10-06 12:39:37,901,1,0,7530,400,V.T.,Pagante
RMBS,8054,2017-10-05 12:38:48,901,1,0,7530,400,V.T.,Pagante
RMBS,16681,2017-10-06 05:39:12,901,0,0,7530,400,V.T.,Pagante
RMBS,144609,2016-10-04 15:48:49,901,1,0,7530,410,V.T.,Pagante
RMBS,129359,2017-10-05 15:42:39,901,0,0,7530,400,V.T.,Pagante
RMBS,165844,2017-10-07 17:39:27,901,0,0,7530,400,V.T.,Pagante
RMBS,104774,2017-10-05 05:52:47,901,0,0,7530,400,V.T.,Pagante
RMBS,104774,2017-10-04 05:52:59,901,0,0,7530,400,V.T.,Pagante
RMBS,140488,2017-10-07 15:20:52,901,0,0,7530,400,V.T.,Pagante
RMBS,125955,2016-10-04 15:35:06,901,1,0,7530,400,V.T.,Pagante
RMBS,133684,2017-10-05 18:38:26,901,1,0,7530,400,V.T.,Pagante
RMBS,133684,2017-10-04 18:50:29,901,1,0,7530,400,V.T.,Pagante
RMBS,133684,2017-10-04 11:11:17,901,0,0,7530,400,V.T.,Pagante
RMBS,32951,2016-10-07 07:01:29,901,0,0,7530,410,V.T.,Pagante
RMBS,158971,2016-10-01 23:56:38,901,1,0,7530,410,V.T.,Pagante
RMBS,18319,2017-10-06 20:42:16,901,1,0,7530,400,V.T.,Pagante
RMBS,66499,2017-10-03 20:58:24,901,1,0,7530,400,V.T.,Pagante
RMBS,19991,2017-10-04 16:35:52,901,1,0,7530,400,V.T.,Pagante
RMBS,101698,2017-10-04 18:36:12,901,0,0,7530,400,V.T.,Pagante
RMBS,46779,2016-10-06 10:26:56,901,0,0,7530,400,V.T.,Pagante
RMBS,46779,2016-10-04 10:28:14,901,0,0,7530,400,V.T.,Pagante
RMBS,46779,2016-10-05 10:28:20,901,0,0,7530,400,V.T.,Pagante
RMBS,80246,2017-10-06 20:11:54,901,0,0,7530,400,V.T.,Pagante
RMBS,79281,2016-10-07 15:51:33,901,1,0,7530,400,V.T.,Pagante
RMBS,121459,2016-10-01 13:09:35,901,0,0,7530,400,V.T.,Pagante
RMBS,100041,2017-10-05 05:40:17,901,0,0,7530,400,V.T.,Pagante
RMBS,100041,2017-10-04 05:40:21,901,0,0,7530,400,V.T.,Pagante
RMBS,150504,2016-10-05 09:02:14,901,0,0,7530,400,V.T.,Pagante
RMBS,65289,2016-10-03 15:43:23,901,1,0,7530,410,V.T.,Pagante
RMBS,92525,2017-10-04 18:56:30,901,1,0,7530,400,V.T.,Pagante
RMBS,92525,2017-10-05 18:47:36,901,1,0,7530,400,V.T.,Pagante
RMBS,142543,2017-10-03 07:20:56,901,0,0,7530,400,V.T.,Pagante
RMBS,142543,2017-10-02 07:19:58,901,0,0,7530,400,V.T.,Pagante
RMBS,142543,2017-10-07 07:22:18,901,0,0,7530,400,V.T.,Pagante
RMBS,142544,2016-10-04 06:52:20,901,0,0,7530,400,V.T.,Pagante
RMBS,142544,2016-10-05 06:51:32,901,0,0,7530,400,V.T.,Pagante
RMBS,142544,2016-10-03 06:50:57,901,0,0,7530,400,V.T.,Pagante
RMBS,105906,2016-10-05 14:39:35,901,0,0,7530,410,V.T.,Pagante
RMBS,35412,2016-10-03 21:25:23,901,0,0,7530,410,V.T.,Pagante
RMBS,153184,2017-10-05 22:28:02,901,1,0,7530,400,V.T.,Pagante
RMBS,153184,2017-10-04 22:41:16,901,1,0,7530,400,V.T.,Pagante
RMBS,87237,2016-10-07 12:32:51,901,0,0,7530,410,V.T.,Pagante
RMBS,169171,2016-10-03 15:36:36,901,1,0,7530,410,V.T.,Pagante
RMBS,169171,2016-10-03 15:36:44,901,1,0,7530,410,V.T.,Pagante
RMBS,18122,2016-10-06 20:17:27,901,1,0,7530,410,V.T.,Pagante
RMBS,18122,2016-10-04 20:12:55,901,1,0,7530,410,V.T.,Pagante
RMBS,58643,2016-10-06 08:16:18,901,1,0,7530,400,V.T.,Pagante
RMBS,118903,2017-10-03 05:42:30,901,0,0,7530,400,V.T.,Pagante
RMBS,118903,2017-10-04 05:41:23,901,0,0,7530,400,V.T.,Pagante
RMBS,118903,2017-10-06 05:42:43,901,0,0,7530,400,V.T.,Pagante
RMBS,168653,2016-10-05 14:41:25,901,0,0,7530,410,V.T.,Pagante
RMBS,59116,2016-10-05 21:52:51,901,1,0,7530,410,V.T.,Pagante
RMBS,28201,2017-10-03 13:23:33,901,0,0,7530,400,V.T.,Pagante
RMBS,28201,2017-10-05 13:18:27,901,0,0,7530,400,V.T.,Pagante
RMBS,93251,2017-10-02 22:24:29,901,1,0,7530,400,V.T.,Pagante
RMBS,93251,2017-10-04 22:39:15,901,1,0,7530,400,V.T.,Pagante
RMBS,102154,2017-10-02 09:48:46,901,0,0,7530,400,V.T.,Pagante
RMBS,54960,2017-10-02 16:16:59,901,1,0,7530,400,V.T.,Pagante
RMBS,104121,2017-10-07 09:21:12,901,0,0,7530,400,V.T.,Pagante
RMBS,159894,2016-10-05 22:39:12,901,0,0,7530,400,V.T.,Pagante
RMBS,159894,2016-10-04 22:40:37,901,0,0,7530,400,V.T.,Pagante
RMBS,159894,2016-10-03 22:38:33,901,0,0,7530,400,V.T.,Pagante
RMBS,19281,2017-10-03 18:45:25,901,1,0,7530,400,V.T.,Pagante
RMBS,65678,2016-10-07 08:40:01,901,0,0,7530,400,V.T.,Pagante
RMBS,148327,2016-10-03 02:10:43,900,0,0,7530,410,V.T.,Pagante
RMBS,52245,2016-10-06 06:52:25,901,0,0,7530,410,V.T.,Pagante
RMBS,52245,2016-10-04 06:50:39,901,0,0,7530,410,V.T.,Pagante
RMBS,52245,2016-10-05 06:50:08,901,0,0,7530,410,V.T.,Pagante
RMBS,52245,2016-10-03 06:49:41,901,0,0,7530,410,V.T.,Pagante
RMBS,121161,2017-10-02 07:44:32,901,0,0,7530,400,V.T.,Pagante
RMBS,152068,2016-10-05 06:50:21,901,0,0,7530,410,V.T.,Pagante
RMBS,165928,2017-10-02 16:12:00,901,1,0,7530,400,V.T.,Pagante
RMBS,163642,2017-10-06 05:41:39,901,0,0,7530,400,V.T.,Pagante
RMBS,42019,2016-10-05 15:40:01,901,1,0,7530,410,V.T.,Pagante
RMBS,139444,2017-10-02 22:18:26,901,1,0,7530,400,V.T.,Pagante
RMBS,83891,2016-10-06 21:54:12,901,1,0,7530,400,V.T.,Pagante
RMBS,117198,2016-10-05 11:11:49,901,0,0,7530,410,V.T.,Pagante
RMBS,79432,2016-10-06 21:06:44,901,0,0,7530,400,V.T.,Pagante
RMBS,79432,2016-10-04 21:06:44,901,0,0,7530,400,V.T.,Pagante
RMBS,79432,2016-10-05 21:08:57,901,0,0,7530,400,V.T.,Pagante
RMBS,118213,2017-10-04 12:09:13,901,1,0,7530,400,V.T.,Pagante
RMBS,42752,2016-10-05 17:42:06,901,0,0,7530,400,V.T.,Pagante
RMBS,122840,2016-10-01 09:58:01,901,1,0,7530,410,V.T.,Pagante
RMBS,149623,2017-10-03 07:41:25,901,0,1,7530,400,V.T.,Pagante
RMBS,24359,2017-10-02 22:28:16,901,1,0,7530,400,V.T.,Pagante
RMBS,55073,2016-10-07 13:43:48,901,1,0,7530,410,V.T.,Pagante
RMBS,127416,2016-10-04 19:28:02,901,0,0,7530,410,V.T.,Pagante
RMBS,98710,2016-10-06 17:56:11,901,1,0,7530,410,V.T.,Pagante
RMBS,167682,2016-10-06 06:49:23,901,0,0,7530,400,V.T.,Pagante
RMBS,106046,2016-10-06 20:12:56,901,1,0,7530,410,V.T.,Pagante
RMBS,106046,2016-10-07 17:58:59,901,1,0,7530,410,V.T.,Pagante
RMBS,106046,2016-10-05 20:30:29,901,1,0,7530,410,V.T.,Pagante
RMBS,2288,2017-10-05 18:45:05,901,1,0,7530,400,V.T.,Pagante
RMBS,143300,2017-10-07 19:59:16,901,1,0,7530,400,V.T.,Pagante
RMBS,160194,2016-10-05 20:46:07,901,1,0,7530,400,V.T.,Pagante
RMBS,121669,2017-10-02 07:28:47,901,0,0,7530,400,V.T.,Pagante
RMBS,164489,2017-10-03 07:22:14,901,0,0,7530,400,V.T.,Pagante
RMBS,164489,2017-10-06 18:42:46,901,1,0,7530,400,V.T.,Pagante
RMBS,164489,2017-10-05 07:20:39,901,0,0,7530,400,V.T.,Pagante
RMBS,164489,2017-10-04 07:22:29,901,0,0,7530,400,V.T.,Pagante
RMBS,1050,2016-10-05 18:01:38,901,1,0,7530,410,V.T.,Pagante
RMBS,140176,2016-10-03 15:29:11,901,1,0,7530,410,V.T.,Pagante
RMBS,169017,2016-10-04 22:39:08,901,0,0,7530,400,V.T.,Pagante
RMBS,166754,2017-10-05 15:38:15,901,0,0,7530,400,V.T.,Pagante
RMBS,62717,2016-10-03 06:54:44,901,0,0,7530,400,V.T.,Pagante
RMBS,109353,2017-10-07 18:06:56,901,0,0,7530,400,V.T.,Pagante
RMBS,56775,2017-10-07 23:18:22,901,0,0,7530,400,V.T.,Pagante
RMBS,71324,2017-10-02 05:54:50,901,0,0,7530,400,V.T.,Pagante
RMBS,139962,2016-10-06 23:13:02,901,0,0,7530,400,V.T.,Pagante
RMBS,159815,2017-10-03 12:12:42,901,1,0,7530,400,V.T.,Pagante
RMBS,119933,2016-10-06 06:53:05,901,0,0,7530,410,V.T.,Pagante
RMBS,120871,2016-10-05 19:34:51,901,0,0,7530,400,V.T.,Pagante
RMBS,18838,2017-10-03 10:15:47,901,1,0,7530,400,V.T.,Pagante
RMBS,40493,2016-10-04 14:54:51,901,0,0,7530,410,V.T.,Pagante
RMBS,118762,2016-10-06 23:22:34,901,1,0,7530,400,V.T.,Pagante
RMBS,118762,2016-10-07 23:32:41,901,1,0,7530,400,V.T.,Pagante
RMBS,163490,2016-10-07 07:28:53,901,0,0,7530,400,V.T.,Pagante
RMBS,123747,2017-10-02 10:15:58,901,1,0,7530,400,V.T.,Pagante
RMBS,9841,2017-10-07 17:44:03,901,0,0,7530,400,V.T.,Pagante
RMBS,10438,2017-10-04 21:58:19,901,0,1,7530,400,V.T.,Pagante
RMBS,20996,2017-10-07 19:59:22,901,1,0,7530,400,V.T.,Pagante
RMBS,108423,2017-10-05 18:38:40,901,1,0,7530,400,V.T.,Pagante
RMBS,108422,2017-10-04 14:11:32,901,1,0,7530,400,V.T.,Pagante
RMBS,116645,2016-10-04 17:52:40,901,1,0,7530,400,V.T.,Pagante
RMBS,6623,2017-10-06 10:19:59,901,1,0,7530,400,V.T.,Pagante
RMBS,31931,2017-10-02 22:24:45,901,1,0,7530,400,V.T.,Pagante
RMBS,4672,2016-10-05 22:12:45,901,1,0,7530,400,V.T.,Pagante
RMBS,120,2017-10-04 16:40:09,901,1,0,7530,400,V.T.,Pagante
RMBS,107048,2017-10-05 13:07:47,901,0,0,7530,400,V.T.,Pagante
RMBS,123583,2017-10-06 18:28:47,901,0,0,7530,400,V.T.,Pagante
RMBS,123583,2017-10-05 18:27:20,901,0,0,7530,400,V.T.,Pagante
RMBS,37481,2016-10-03 12:26:03,901,0,0,7530,410,V.T.,Pagante
RMBS,103086,2017-10-03 16:40:52,901,1,0,7530,400,V.T.,Pagante
RMBS,103086,2017-10-02 16:41:07,901,1,0,7530,400,V.T.,Pagante
RMBS,103086,2017-10-04 16:54:53,901,1,0,7530,400,V.T.,Pagante
RMBS,65138,2017-10-07 15:43:48,901,0,0,7530,400,V.T.,Pagante
RMBS,65138,2017-10-07 15:43:53,901,0,0,7530,400,V.T.,Pagante
RMBS,19949,2016-10-01 23:16:47,901,0,0,7530,400,V.T.,Pagante
RMBS,88017,2016-10-04 07:08:49,901,0,0,7530,410,V.T.,Pagante
RMBS,21591,2017-10-07 19:58:10,901,0,0,7530,400,V.T.,Pagante
RMBS,96816,2017-10-07 09:16:12,901,0,0,7530,400,V.T.,Pagante
RMBS,138995,2017-10-03 19:08:29,901,1,0,7530,400,V.T.,Pagante
RMBS,94904,2017-10-06 07:19:03,901,0,0,7530,400,V.T.,Pagante
RMBS,23272,2017-10-02 16:34:02,901,1,0,7530,400,V.T.,Pagante
RMBS,23272,2017-10-01 14:34:25,901,1,0,7530,400,V.T.,Pagante
RMBS,23272,2017-10-06 16:36:19,901,1,0,7530,400,V.T.,Pagante
RMBS,154873,2017-10-03 20:01:02,901,0,0,7530,400,V.T.,Pagante
RMBS,42498,2017-10-05 09:48:37,901,0,0,7530,400,V.T.,Pagante
RMBS,151764,2016-10-03 07:02:55,901,0,0,7530,410,V.T.,Pagante
RMBS,58540,2016-10-06 07:56:26,901,1,0,7530,400,V.T.,Pagante
RMBS,144181,2017-10-07 18:07:49,901,0,0,7530,400,V.T.,Pagante
RMBS,144181,2017-10-04 11:34:43,901,0,0,7530,400,V.T.,Pagante
RMBS,88428,2017-10-02 18:33:48,901,1,0,7530,400,V.T.,Pagante
RMBS,88428,2017-10-05 18:32:09,901,1,0,7530,400,V.T.,Pagante
RMBS,88428,2017-10-04 18:41:23,901,1,0,7530,400,V.T.,Pagante
RMBS,88422,2016-10-03 15:31:16,901,1,0,7530,400,V.T.,Pagante
RMBS,66759,2017-10-03 13:18:56,901,0,0,7530,400,V.T.,Pagante
RMBS,66759,2017-10-07 13:26:41,901,0,0,7530,400,V.T.,Pagante
RMBS,66759,2017-10-06 13:16:31,901,0,0,7530,400,V.T.,Pagante
RMBS,66759,2017-10-04 13:16:32,901,0,0,7530,400,V.T.,Pagante
RMBS,45066,2016-10-06 06:41:00,901,0,0,7530,400,V.T.,Pagante
RMBS,111011,2016-10-01 12:43:10,901,1,0,7530,410,V.T.,Pagante
RMBS,79903,2017-10-01 17:16:56,901,0,0,7530,400,V.T.,Pagante
RMBS,79903,2017-10-07 11:22:25,901,0,0,7530,400,V.T.,Pagante
RMBS,116487,2016-10-03 15:33:37,901,1,0,7530,400,V.T.,Pagante
RMBS,46528,2017-10-02 19:59:00,901,0,0,7530,400,V.T.,Pagante
RMBS,140210,2016-10-05 18:04:05,901,1,0,7530,400,V.T.,Pagante
RMBS,146427,2017-10-05 07:16:31,901,0,0,7530,400,V.T.,Pagante
RMBS,47325,2017-10-02 07:39:51,901,0,0,7530,400,V.T.,Pagante
RMBS,104164,2017-10-03 18:29:22,901,1,0,7530,400,V.T.,Pagante
RMBS,46258,2016-10-05 18:16:50,901,1,0,7530,410,V.T.,Pagante
RMBS,46258,2016-10-05 18:17:02,901,1,0,7530,410,V.T.,Pagante
RMBS,42250,2016-10-07 12:44:35,901,0,0,7530,410,V.T.,Pagante
RMBS,105311,2017-10-05 23:31:31,901,0,0,7530,400,V.T.,Pagante
RMBS,132395,2017-10-01 14:22:15,901,0,0,7530,400,V.T.,Pagante
RMBS,12062,2017-10-03 16:32:20,901,1,0,7530,400,V.T.,Pagante
RMBS,12062,2017-10-02 16:32:15,901,1,0,7530,400,V.T.,Pagante
RMBS,12062,2017-10-04 16:36:04,901,1,0,7530,400,V.T.,Pagante
RMBS,44490,2016-10-05 20:10:08,901,1,0,7530,400,V.T.,Pagante
RMBS,44490,2016-10-07 20:21:53,901,1,0,7530,400,V.T.,Pagante
RMBS,110266,2017-10-06 07:15:55,901,0,0,7530,400,V.T.,Pagante
RMBS,149353,2016-10-07 07:01:25,901,0,0,7530,400,V.T.,Pagante
RMBS,149353,2016-10-04 07:01:58,901,0,0,7530,400,V.T.,Pagante
RMBS,89859,2017-10-02 07:25:51,901,0,0,7530,400,V.T.,Pagante
RMBS,89859,2017-10-05 07:23:58,901,0,0,7530,400,V.T.,Pagante
RMBS,156126,2017-10-02 18:28:45,901,0,0,7530,400,V.T.,Pagante
RMBS,156126,2017-10-06 07:36:55,901,0,0,7530,400,V.T.,Pagante
RMBS,156126,2017-10-05 07:35:05,901,0,0,7530,400,V.T.,Pagante
RMBS,156126,2017-10-04 18:36:05,901,0,0,7530,400,V.T.,Pagante
RMBS,51176,2017-10-03 09:24:57,901,0,0,7530,400,V.T.,Pagante
RMBS,55554,2017-10-04 17:45:43,901,0,0,7530,400,V.T.,Pagante
RMBS,123573,2017-10-04 05:40:10,901,0,0,7530,400,V.T.,Pagante
RMBS,152744,2017-10-04 10:51:08,901,1,0,7530,400,V.T.,Pagante
RMBS,647,2017-10-05 18:41:00,901,1,0,7530,400,V.T.,Pagante
RMBS,11214,2016-10-06 08:40:09,901,0,0,7530,410,V.T.,Pagante
RMBS,11214,2016-10-04 08:39:48,901,0,0,7530,410,V.T.,Pagante
RMBS,11214,2016-10-05 08:39:37,901,0,0,7530,410,V.T.,Pagante
RMBS,11214,2016-10-03 08:40:17,901,0,0,7530,410,V.T.,Pagante
RMBS,124220,2016-10-05 21:55:03,901,1,0,7530,410,V.T.,Pagante
RMBS,97800,2017-10-05 21:38:26,901,0,0,7530,400,V.T.,Pagante
RMBS,167764,2016-10-01 07:20:08,901,0,0,7530,410,V.T.,Pagante
RMBS,116648,2017-10-03 11:15:57,901,0,0,7530,400,V.T.,Pagante
RMBS,68252,2016-10-06 08:45:10,901,0,0,7530,400,V.T.,Pagante
RMBS,68252,2017-10-02 07:24:39,901,0,0,7530,400,V.T.,Pagante
RMBS,68252,2017-10-03 07:25:32,901,0,0,7530,400,V.T.,Pagante
RMBS,68252,2017-10-05 07:23:08,901,0,0,7530,400,V.T.,Pagante
RMBS,78184,2016-10-03 06:43:13,901,0,0,7530,400,V.T.,Pagante
RMBS,78184,2016-10-03 17:44:53,901,1,0,7530,400,V.T.,Pagante
RMBS,78184,2016-10-06 06:41:07,901,0,0,7530,400,V.T.,Pagante
RMBS,78184,2016-10-07 06:43:46,901,0,0,7530,400,V.T.,Pagante
RMBS,78184,2016-10-05 06:43:00,901,0,0,7530,400,V.T.,Pagante
RMBS,78184,2016-10-05 17:56:56,901,1,0,7530,400,V.T.,Pagante
RMBS,78184,2016-10-04 06:41:24,901,0,0,7530,400,V.T.,Pagante
RMBS,78184,2016-10-04 17:44:49,901,1,0,7530,400,V.T.,Pagante
RMBS,139575,2017-10-04 13:12:24,901,0,0,7530,400,V.T.,Pagante
RMBS,118493,2017-10-07 14:37:45,901,1,0,7530,400,V.T.,Pagante
RMBS,118493,2017-10-05 14:33:08,901,1,0,7530,400,V.T.,Pagante
RMBS,118493,2017-10-04 14:35:53,901,1,0,7530,400,V.T.,Pagante
RMBS,85520,2016-10-04 10:28:26,901,0,0,7530,400,V.T.,Pagante
RMBS,40299,2017-10-05 22:48:55,901,1,0,7530,400,V.T.,Pagante
RMBS,169195,2017-10-04 05:45:39,901,0,0,7530,400,V.T.,Pagante
RMBS,94210,2017-10-06 05:59:04,901,0,0,7530,400,V.T.,Pagante
RMBS,42623,2017-10-03 05:38:16,901,0,0,7530,400,V.T.,Pagante
RMBS,68703,2016-10-01 12:04:22,901,1,0,7530,400,V.T.,Pagante
RMBS,143789,2016-10-07 12:42:07,901,0,0,7530,410,V.T.,Pagante
RMBS,143789,2016-10-05 15:01:03,901,0,0,7530,410,V.T.,Pagante
RMBS,60180,2017-10-07 07:45:59,901,0,0,7530,400,V.T.,Pagante
RMBS,146014,2016-10-06 23:18:57,901,1,0,7530,410,V.T.,Pagante
RMBS,146014,2016-10-07 23:28:33,901,1,0,7530,410,V.T.,Pagante
RMBS,146014,2016-10-04 23:22:36,901,1,0,7530,410,V.T.,Pagante
RMBS,146014,2016-10-05 23:18:23,901,1,0,7530,410,V.T.,Pagante
RMBS,146014,2016-10-03 23:14:50,901,1,0,7530,410,V.T.,Pagante
RMBS,78068,2017-10-01 14:22:25,901,0,0,7530,400,V.T.,Pagante
RMBS,78068,2017-10-06 13:57:16,901,0,0,7530,400,V.T.,Pagante
RMBS,78068,2017-10-05 13:56:05,901,0,0,7530,400,V.T.,Pagante
RMBS,105436,2017-10-01 14:22:20,901,0,0,7530,400,V.T.,Pagante
RMBS,11582,2016-10-05 21:21:33,901,0,0,7530,410,V.T.,Pagante
RMBS,102426,2016-10-06 12:53:17,901,0,0,7530,400,V.T.,Pagante
RMBS,95751,2017-10-02 22:28:08,901,1,0,7530,400,V.T.,Pagante
RMBS,95751,2017-10-05 22:29:57,901,1,0,7530,400,V.T.,Pagante
RMBS,30980,2016-10-05 12:28:26,901,0,0,7530,410,V.T.,Pagante
RMBS,158825,2017-10-04 18:47:19,901,1,0,7530,400,V.T.,Pagante
RMBS,8252,2017-10-05 16:32:09,901,1,0,7530,400,V.T.,Pagante
RMBS,32800,2016-10-03 09:46:03,901,1,0,7530,410,V.T.,Pagante
RMBS,145513,2017-10-07 14:35:42,901,1,0,7530,400,V.T.,Pagante
RMBS,168017,2017-10-06 09:47:37,901,0,0,7530,400,V.T.,Pagante
RMBS,85846,2017-10-03 17:04:08,901,1,1,7530,400,V.T.,Pagante
RMBS,17274,2016-10-04 07:38:40,901,0,0,7530,400,V.T.,Pagante
RMBS,125860,2016-10-06 09:01:33,901,0,0,7530,400,V.T.,Pagante
RMBS,81953,2016-10-06 17:41:31,901,1,0,7530,400,V.T.,Pagante
RMBS,15953,2016-10-07 20:17:26,901,0,0,7530,410,V.T.,Pagante
RMBS,111164,2017-10-03 13:12:37,901,0,0,7530,400,V.T.,Pagante
RMBS,111164,2017-10-04 13:10:57,901,0,0,7530,400,V.T.,Pagante
RMBS,56884,2017-10-04 13:24:31,901,0,0,7530,400,V.T.,Pagante
RMBS,148711,2016-10-04 10:29:11,901,0,0,7530,410,V.T.,Pagante
RMBS,148711,2016-10-03 10:29:40,901,0,0,7530,410,V.T.,Pagante
RMBS,156793,2017-10-02 05:38:05,901,0,0,7530,400,V.T.,Pagante
RMBS,51773,2016-10-07 23:32:17,901,1,0,7530,400,V.T.,Pagante
RMBS,139315,2017-10-06 13:09:09,901,0,0,7530,400,V.T.,Pagante
RMBS,139315,2017-10-05 13:08:26,901,0,0,7530,400,V.T.,Pagante
RMBS,13788,2016-10-05 22:51:00,901,0,0,7530,400,V.T.,Pagante
RMBS,13788,2016-10-03 10:38:42,901,0,0,7530,400,V.T.,Pagante
RMBS,13788,2016-10-03 10:38:50,901,0,0,7530,400,V.T.,Pagante
RMBS,88874,2016-10-07 12:56:19,901,0,0,7530,400,V.T.,Pagante
RMBS,88874,2017-10-05 23:28:53,901,0,0,7530,400,V.T.,Pagante
RMBS,88874,2017-10-05 23:28:58,901,0,0,7530,400,V.T.,Pagante
RMBS,82761,2017-10-01 20:05:56,901,1,0,7530,400,V.T.,Pagante
RMBS,82761,2017-10-07 20:09:52,901,1,0,7530,400,V.T.,Pagante
RMBS,44144,2016-10-04 20:09:47,901,1,0,7530,410,V.T.,Pagante
RMBS,44144,2016-10-05 21:54:15,901,1,0,7530,410,V.T.,Pagante
RMBS,63636,2016-10-07 14:42:49,901,0,0,7530,410,V.T.,Pagante
RMBS,19876,2016-10-07 23:32:34,901,1,0,7530,400,V.T.,Pagante
RMBS,19876,2016-10-04 23:26:10,901,1,0,7530,400,V.T.,Pagante
RMBS,19876,2016-10-05 23:22:32,901,1,0,7530,400,V.T.,Pagante
RMBS,161192,2016-10-01 15:29:11,901,0,0,7530,410,V.T.,Pagante
RMBS,151029,2017-10-03 07:39:27,901,0,0,7530,400,V.T.,Pagante
RMBS,65346,2016-10-04 15:30:55,901,1,0,7530,400,V.T.,Pagante
RMBS,37847,2016-10-03 06:51:56,901,0,0,7530,400,V.T.,Pagante
RMBS,37847,2016-10-04 06:53:21,901,0,0,7530,400,V.T.,Pagante
RMBS,145981,2017-10-07 10:18:51,901,1,0,7530,400,V.T.,Pagante
RMBS,131141,2017-10-05 14:08:11,901,1,0,7530,400,V.T.,Pagante
RMBS,131141,2017-10-05 14:08:11,901,1,0,7530,400,V.T.,Pagante
RMBS,5111,2016-10-05 13:51:58,901,1,0,7530,410,V.T.,Pagante
RMBS,92292,2017-10-04 16:19:06,901,1,0,7530,400,V.T.,Pagante
RMBS,80896,2017-10-07 14:16:55,901,1,0,7530,400,V.T.,Pagante
RMBS,80896,2017-10-04 18:56:10,901,1,0,7530,400,V.T.,Pagante
RMBS,158078,2016-10-05 07:06:37,901,0,0,7530,400,V.T.,Pagante
RMBS,162673,2017-10-06 09:28:50,901,0,0,7530,400,V.T.,Pagante
RMBS,86821,2016-10-06 15:28:35,901,1,0,7530,410,V.T.,Pagante
RMBS,86821,2016-10-06 15:28:42,901,1,0,7530,410,V.T.,Pagante
RMBS,98732,2017-10-03 07:35:00,901,0,0,7530,400,V.T.,Pagante
RMBS,166060,2016-10-06 07:46:01,901,0,0,7530,410,V.T.,Pagante
RMBS,132590,2017-10-06 05:30:21,901,0,0,7530,400,V.T.,Pagante
RMBS,141147,2016-10-04 13:31:48,901,1,0,7530,400,V.T.,Pagante
RMBS,141140,2017-10-06 16:49:12,901,1,0,7530,400,V.T.,Pagante
RMBS,141140,2017-10-04 10:44:10,901,1,0,7530,400,V.T.,Pagante
RMBS,87161,2016-10-03 07:06:40,901,0,0,7530,400,V.T.,Pagante
RMBS,87166,2017-10-04 10:15:37,901,1,0,7530,400,V.T.,Pagante
RMBS,87166,2017-10-04 10:15:40,901,1,0,7530,400,V.T.,Pagante
RMBS,133015,2016-10-07 20:25:10,901,1,0,7530,410,V.T.,Pagante
RMBS,150698,2017-10-05 07:16:48,901,0,0,7530,400,V.T.,Pagante
RMBS,97437,2016-10-07 20:28:09,901,1,0,7530,400,V.T.,Pagante
RMBS,15787,2016-10-06 17:07:23,901,0,0,7530,410,V.T.,Pagante
RMBS,106413,2017-10-03 07:37:03,901,0,0,7530,400,V.T.,Pagante
RMBS,104711,2016-10-06 06:49:18,901,0,0,7530,410,V.T.,Pagante
RMBS,104711,2016-10-03 06:48:01,901,0,0,7530,410,V.T.,Pagante
RMBS,10618,2017-10-02 16:27:49,901,1,0,7530,400,V.T.,Pagante
RMBS,106624,2017-10-05 10:19:48,901,1,0,7530,400,V.T.,Pagante
RMBS,20734,2016-10-06 08:45:05,901,0,0,7530,400,V.T.,Pagante
RMBS,20734,2016-10-07 08:43:23,901,0,0,7530,400,V.T.,Pagante
RMBS,40571,2016-10-03 14:35:49,901,0,0,7530,410,V.T.,Pagante
RMBS,40571,2016-10-03 14:36:00,901,0,0,7530,410,V.T.,Pagante
RMBS,135831,2017-10-04 18:52:45,901,1,0,7530,400,V.T.,Pagante
RMBS,60469,2017-10-07 22:05:32,901,1,0,7530,400,V.T.,Pagante
RMBS,73054,2017-10-04 12:06:42,901,1,0,7530,400,V.T.,Pagante
RMBS,25569,2016-10-03 00:36:26,900,0,0,7530,410,V.T.,Pagante
RMBS,25569,2016-10-03 00:36:26,900,0,0,7530,410,V.T.,Pagante
RMBS,134429,2016-10-03 17:11:02,901,0,0,7530,400,V.T.,Pagante
RMBS,36584,2016-10-04 06:53:32,901,0,0,7530,410,V.T.,Pagante
RMBS,36584,2016-10-04 11:49:35,901,1,0,7530,410,V.T.,Pagante
RMBS,110894,2017-10-07 07:21:06,901,0,0,7530,400,V.T.,Pagante
RMBS,110894,2017-10-06 07:17:57,901,0,0,7530,400,V.T.,Pagante
RMBS,97117,2017-10-02 05:38:00,901,0,0,7530,400,V.T.,Pagante
RMBS,97117,2017-10-06 05:37:25,901,0,0,7530,400,V.T.,Pagante
RMBS,119821,2016-10-04 07:53:47,901,1,0,7530,410,V.T.,Pagante
RMBS,119821,2016-10-04 07:53:53,901,1,0,7530,410,V.T.,Pagante
RMBS,103213,2016-10-04 17:44:30,901,1,0,7530,400,V.T.,Pagante
RMBS,116808,2017-10-04 16:16:52,901,1,0,7530,400,V.T.,Pagante
RMBS,79991,2016-10-05 21:57:09,901,1,0,7530,410,V.T.,Pagante
RMBS,116890,2016-10-03 07:10:17,901,0,0,7530,400,V.T.,Pagante
RMBS,67333,2016-10-01 16:09:51,901,1,0,7530,400,V.T.,Pagante
RMBS,123646,2016-10-04 10:29:32,901,0,0,7530,400,V.T.,Pagante
RMBS,123646,2016-10-03 10:29:31,901,0,0,7530,400,V.T.,Pagante
RMBS,41500,2017-10-03 14:06:29,901,1,0,7530,400,V.T.,Pagante
RMBS,40672,2016-10-07 13:07:25,901,0,0,7530,400,V.T.,Pagante
RMBS,66220,2016-10-07 18:26:59,901,1,0,7530,410,V.T.,Pagante
RMBS,64774,2016-10-06 08:05:51,901,1,0,7530,400,V.T.,Pagante
RMBS,48249,2016-10-07 06:48:17,901,0,0,7530,410,V.T.,Pagante
RMBS,48249,2016-10-07 06:48:21,901,0,0,7530,410,V.T.,Pagante
RMBS,143672,2016-10-07 07:08:49,901,0,0,7530,400,V.T.,Pagante
RMBS,111104,2017-10-04 14:23:28,901,1,0,7530,400,V.T.,Pagante
RMBS,148400,2017-10-03 20:00:26,901,0,0,7530,400,V.T.,Pagante
RMBS,72517,2017-10-03 15:22:13,901,0,0,7530,400,V.T.,Pagante
RMBS,102799,2017-10-07 14:02:26,901,0,0,7530,400,V.T.,Pagante
RMBS,6102,2016-10-03 10:30:50,901,0,0,7530,410,V.T.,Pagante
RMBS,6102,2016-10-03 10:30:54,901,0,0,7530,410,V.T.,Pagante
RMBS,16934,2016-10-02 22:30:28,900,0,0,7530,410,V.T.,Pagante
RMBS,103466,2016-10-01 14:01:28,901,1,0,7530,400,V.T.,Pagante
RMBS,73567,2016-10-01 10:10:25,901,1,0,7530,410,V.T.,Pagante
RMBS,139506,2016-10-07 06:52:19,901,0,0,7530,400,V.T.,Pagante
RMBS,80893,2016-10-07 06:55:59,901,0,0,7530,410,V.T.,Pagante
RMBS,80893,2016-10-04 06:57:15,901,0,0,7530,410,V.T.,Pagante
RMBS,80893,2016-10-05 06:55:07,901,0,0,7530,410,V.T.,Pagante
RMBS,80893,2016-10-03 06:54:55,901,0,0,7530,410,V.T.,Pagante
RMBS,65768,2017-10-05 09:23:46,901,0,0,7530,400,V.T.,Pagante
RMBS,22671,2016-10-05 20:18:15,901,1,0,7530,400,V.T.,Pagante
RMBS,94248,2016-10-04 16:59:50,901,0,0,7530,410,V.T.,Pagante
RMBS,148694,2016-10-05 07:06:58,901,0,0,7530,400,V.T.,Pagante
RMBS,148694,2016-10-07 07:06:37,901,0,0,7530,400,V.T.,Pagante
RMBS,54912,2017-10-07 17:19:10,901,0,0,7530,400,V.T.,Pagante
RMBS,54912,2017-10-07 17:19:17,901,0,0,7530,400,V.T.,Pagante
RMBS,34241,2016-10-01 17:28:16,901,0,0,7530,410,V.T.,Pagante
RMBS,34241,2016-10-01 17:28:20,901,0,0,7530,410,V.T.,Pagante
RMBS,75150,2016-10-04 12:28:31,901,0,0,7530,400,V.T.,Pagante
RMBS,75150,2016-10-05 12:26:09,901,0,0,7530,400,V.T.,Pagante
RMBS,75150,2016-10-01 13:09:44,901,0,0,7530,400,V.T.,Pagante
RMBS,75150,2016-10-01 13:09:44,901,0,0,7530,400,V.T.,Pagante
RMBS,78050,2016-10-05 17:57:27,901,1,0,7530,410,V.T.,Pagante
RMBS,140303,2016-10-05 13:22:44,901,1,0,7530,410,V.T.,Pagante
RMBS,163011,2016-10-01 17:09:00,901,0,0,7530,410,V.T.,Pagante
RMBS,133217,2017-10-02 18:26:39,901,0,0,7530,400,V.T.,Pagante
RMBS,99076,2016-10-06 13:22:05,901,1,0,7530,400,V.T.,Pagante
RMBS,11609,2016-10-04 08:41:05,901,0,0,7530,410,V.T.,Pagante
RMBS,109546,2017-10-04 18:05:05,901,0,0,7530,400,V.T.,Pagante
RMBS,92470,2016-10-01 12:16:06,901,1,0,7530,410,V.T.,Pagante
RMBS,130085,2016-10-06 07:45:45,901,0,0,7530,410,V.T.,Pagante
RMBS,75836,2016-10-06 09:08:27,901,0,0,7530,410,V.T.,Pagante
RMBS,90434,2017-10-06 07:18:41,901,0,0,7530,400,V.T.,Pagante
RMBS,90434,2017-10-04 20:19:53,901,0,0,7530,400,V.T.,Pagante
RMBS,14867,2016-10-04 23:23:46,901,1,0,7530,400,V.T.,Pagante
RMBS,152544,2016-10-07 18:33:08,901,1,0,7530,410,V.T.,Pagante
RMBS,66884,2017-10-02 20:39:52,901,1,0,7530,400,V.T.,Pagante
RMBS,126928,2017-10-02 07:18:22,901,0,0,7530,400,V.T.,Pagante
RMBS,157122,2016-10-05 15:43:16,901,1,0,7530,400,V.T.,Pagante
RMBS,111817,2016-10-06 18:25:48,901,1,0,7530,400,V.T.,Pagante
RMBS,133178,2017-10-03 05:59:13,901,0,0,7530,400,V.T.,Pagante
RMBS,133178,2017-10-02 05:58:56,901,0,0,7530,400,V.T.,Pagante
RMBS,133178,2017-10-06 05:59:23,901,0,0,7530,400,V.T.,Pagante
RMBS,34623,2016-10-06 20:03:54,901,1,0,7530,400,V.T.,Pagante
RMBS,76995,2016-10-04 11:21:42,901,1,0,7530,410,V.T.,Pagante
RMBS,42076,2016-10-07 06:45:15,901,0,0,7530,410,V.T.,Pagante
RMBS,75642,2016-10-07 20:29:44,901,1,0,7530,400,V.T.,Pagante
RMBS,122715,2016-10-01 23:42:10,901,1,0,7530,400,V.T.,Pagante
RMBS,14524,2016-10-05 15:09:03,901,0,0,7530,400,V.T.,Pagante
RMBS,14524,2017-10-01 08:36:25,901,0,0,7530,400,V.T.,Pagante
RMBS,82718,2016-10-07 15:45:46,901,1,0,7530,400,V.T.,Pagante
RMBS,82718,2016-10-05 15:49:36,901,1,0,7530,400,V.T.,Pagante
RMBS,82718,2016-10-01 16:09:56,901,1,0,7530,400,V.T.,Pagante
RMBS,80719,2016-10-03 08:42:05,901,0,0,7530,400,V.T.,Pagante
RMBS,52226,2017-10-03 07:32:34,901,0,0,7530,400,V.T.,Pagante
RMBS,92973,2016-10-05 20:13:10,901,1,0,7530,410,V.T.,Pagante
RMBS,142608,2017-10-01 14:08:26,901,0,0,7530,400,V.T.,Pagante
RMBS,142608,2017-10-01 14:08:30,901,0,0,7530,400,V.T.,Pagante
RMBS,140070,2016-10-06 17:09:20,901,0,0,7530,400,V.T.,Pagante
RMBS,74410,2017-10-03 05:40:28,901,0,0,7530,400,V.T.,Pagante
RMBS,74410,2017-10-05 05:39:45,901,0,0,7530,400,V.T.,Pagante
RMBS,74410,2017-10-04 05:39:36,901,0,0,7530,400,V.T.,Pagante
RMBS,146562,2016-10-01 17:58:19,901,1,0,7530,410,V.T.,Pagante
RMBS,146562,2016-10-01 17:58:31,901,1,0,7530,410,V.T.,Pagante
RMBS,87678,2016-10-07 19:39:49,901,0,0,7530,410,V.T.,Pagante
RMBS,137973,2017-10-07 19:55:49,901,0,0,7530,400,V.T.,Pagante
RMBS,47616,2017-10-04 09:26:12,901,0,0,7530,400,V.T.,Pagante
RMBS,69810,2016-10-06 06:46:38,901,0,0,7530,400,V.T.,Pagante
RMBS,16179,2016-10-05 15:04:18,901,0,0,7530,400,V.T.,Pagante
RMBS,63366,2016-10-04 12:32:37,901,0,0,7530,400,V.T.,Pagante
RMBS,24337,2017-10-02 07:18:26,901,0,0,7530,400,V.T.,Pagante
RMBS,24337,2017-10-02 16:51:33,901,1,0,7530,400,V.T.,Pagante
RMBS,24337,2017-10-05 07:18:10,901,0,0,7530,400,V.T.,Pagante
RMBS,161537,2017-10-03 08:54:34,901,1,0,7530,400,V.T.,Pagante
RMBS,161537,2017-10-03 08:54:37,901,1,0,7530,400,V.T.,Pagante
RMBS,11212,2017-10-04 13:55:04,901,0,0,7530,400,V.T.,Pagante
RMBS,2116,2016-10-05 13:19:19,901,1,0,7530,400,V.T.,Pagante
RMBS,2116,2016-10-05 13:19:24,901,1,0,7530,400,V.T.,Pagante
RMBS,2116,2016-10-03 13:22:55,901,1,0,7530,400,V.T.,Pagante
RMBS,18235,2016-10-03 09:56:04,901,1,0,7530,410,V.T.,Pagante
RMBS,39463,2016-10-05 23:18:56,901,1,0,7530,400,V.T.,Pagante
RMBS,4125,2017-10-06 18:33:33,901,1,0,7530,400,V.T.,Pagante
RMBS,75372,2017-10-07 09:32:17,901,0,0,7530,400,V.T.,Pagante
RMBS,70454,2017-10-07 07:40:01,901,0,1,7530,400,V.T.,Pagante
RMBS,111132,2017-10-07 14:02:46,901,0,0,7530,400,V.T.,Pagante
RMBS,127306,2017-10-03 07:33:07,901,0,0,7530,400,V.T.,Pagante
RMBS,82159,2016-10-06 06:57:34,901,0,0,7530,400,V.T.,Pagante
RMBS,82159,2016-10-06 06:57:34,901,0,0,7530,400,V.T.,Pagante
RMBS,71441,2016-10-06 21:56:37,901,1,0,7530,410,V.T.,Pagante
RMBS,52600,2017-10-03 18:25:21,901,1,0,7530,400,V.T.,Pagante
RMBS,52600,2017-10-05 18:30:59,901,1,0,7530,400,V.T.,Pagante
RMBS,52600,2017-10-04 18:40:26,901,1,0,7530,400,V.T.,Pagante
RMBS,104952,2017-10-06 05:40:20,901,0,0,7530,400,V.T.,Pagante
RMBS,104955,2017-10-06 19:55:00,901,0,0,7530,400,V.T.,Pagante
RMBS,147349,2017-10-03 12:09:31,901,1,0,7530,400,V.T.,Pagante
RMBS,77537,2016-10-01 13:11:27,901,0,0,7530,410,V.T.,Pagante
RMBS,101186,2017-10-07 13:42:35,901,0,0,7530,400,V.T.,Pagante
RMBS,113412,2017-10-07 13:35:28,901,0,0,7530,400,V.T.,Pagante
RMBS,113412,2017-10-07 13:35:33,901,0,0,7530,400,V.T.,Pagante
RMBS,166144,2016-10-03 20:12:55,901,1,0,7530,410,V.T.,Pagante
RMBS,166144,2016-10-01 23:51:19,901,1,0,7530,410,V.T.,Pagante
RMBS,98300,2016-10-05 22:14:09,901,1,0,7530,410,V.T.,Pagante
RMBS,167580,2016-10-04 09:32:16,901,0,0,7530,410,V.T.,Pagante
RMBS,81742,2016-10-07 16:22:23,901,1,0,7530,400,V.T.,Pagante
RMBS,58264,2016-10-06 07:18:08,901,0,0,7530,400,V.T.,Pagante
RMBS,58264,2016-10-04 07:26:53,901,0,0,7530,400,V.T.,Pagante
RMBS,31224,2016-10-04 17:53:33,901,1,0,7530,410,V.T.,Pagante
RMBS,144336,2016-10-06 12:51:11,901,0,0,7530,410,V.T.,Pagante
RMBS,141301,2017-10-01 11:56:53,901,0,0,7530,400,V.T.,Pagante
RMBS,141301,2017-10-06 08:23:39,901,1,0,7530,400,V.T.,Pagante
RMBS,51119,2017-10-07 23:50:22,901,1,0,7530,400,V.T.,Pagante
RMBS,133745,2017-10-02 16:13:29,901,1,0,7530,400,V.T.,Pagante
RMBS,18923,2017-10-07 20:14:57,901,1,0,7530,400,V.T.,Pagante
RMBS,131069,2017-10-03 20:49:25,901,1,1,7530,400,V.T.,Pagante
RMBS,9249,2017-10-04 13:57:28,901,0,0,7530,400,V.T.,Pagante
RMBS,14871,2016-10-05 12:25:21,901,0,0,7530,400,V.T.,Pagante
RMBS,95832,2017-10-05 23:20:12,901,0,0,7530,400,V.T.,Pagante
RMBS,69085,2017-10-03 12:04:46,901,1,0,7530,400,V.T.,Pagante
RMBS,161591,2017-10-04 13:57:24,901,0,0,7530,400,V.T.,Pagante
RMBS,113152,2017-10-05 07:26:10,901,0,0,7530,400,V.T.,Pagante
RMBS,91195,2016-10-03 20:19:55,901,1,0,7530,410,V.T.,Pagante
RMBS,124120,2017-10-03 05:34:49,901,0,0,7530,400,V.T.,Pagante
RMBS,124120,2017-10-02 05:34:42,901,0,0,7530,400,V.T.,Pagante
RMBS,124120,2017-10-06 05:32:24,901,0,0,7530,400,V.T.,Pagante
RMBS,124120,2017-10-05 05:33:23,901,0,0,7530,400,V.T.,Pagante
RMBS,124120,2017-10-04 05:35:26,901,0,0,7530,400,V.T.,Pagante
RMBS,33556,2017-10-05 22:52:33,901,1,0,7530,400,V.T.,Pagante
RMBS,137834,2017-10-05 13:56:10,901,0,0,7530,400,V.T.,Pagante
RMBS,137834,2017-10-04 13:58:42,901,0,0,7530,400,V.T.,Pagante
RMBS,169200,2016-10-07 18:33:49,901,1,0,7530,400,V.T.,Pagante
RMBS,64686,2016-10-03 08:38:39,901,0,0,7530,400,V.T.,Pagante
RMBS,64686,2016-10-06 08:42:15,901,0,0,7530,400,V.T.,Pagante
RMBS,64686,2016-10-07 08:41:11,901,0,0,7530,400,V.T.,Pagante
RMBS,104766,2017-10-06 07:33:20,901,0,0,7530,400,V.T.,Pagante
RMBS,18577,2017-10-02 17:53:32,901,0,0,7530,400,V.T.,Pagante
RMBS,31862,2016-10-05 09:47:03,901,1,0,7530,400,V.T.,Pagante
RMBS,124080,2016-10-04 07:47:18,901,1,0,7530,410,V.T.,Pagante
RMBS,50839,2016-10-06 10:29:19,901,0,0,7530,400,V.T.,Pagante
RMBS,23738,2016-10-06 06:49:02,901,0,0,7530,410,V.T.,Pagante
RMBS,23738,2016-10-07 06:47:47,901,0,0,7530,410,V.T.,Pagante
RMBS,23738,2016-10-05 06:47:42,901,0,0,7530,410,V.T.,Pagante
RMBS,23738,2016-10-03 06:47:52,901,0,0,7530,410,V.T.,Pagante
RMBS,14945,2017-10-04 11:30:03,901,0,0,7530,400,V.T.,Pagante
RMBS,22088,2016-10-06 06:47:00,901,0,0,7530,400,V.T.,Pagante
RMBS,78907,2017-10-03 07:25:37,901,0,0,7530,400,V.T.,Pagante
RMBS,78907,2017-10-06 07:22:34,901,0,0,7530,400,V.T.,Pagante
RMBS,78907,2017-10-05 07:23:20,901,0,0,7530,400,V.T.,Pagante
RMBS,78907,2017-10-04 07:25:30,901,0,0,7530,400,V.T.,Pagante
RMBS,105703,2017-10-01 09:18:12,901,1,0,7530,400,V.T.,Pagante
RMBS,115941,2017-10-06 14:21:19,901,1,0,7530,400,V.T.,Pagante
RMBS,108425,2016-10-03 10:31:03,901,0,0,7530,410,V.T.,Pagante
RMBS,144625,2017-10-06 13:29:34,901,0,0,7530,400,V.T.,Pagante
RMBS,19472,2016-10-04 20:04:18,901,1,0,7530,400,V.T.,Pagante
RMBS,100072,2016-10-01 17:27:58,901,0,0,7530,400,V.T.,Pagante
RMBS,84223,2017-10-06 08:37:19,901,1,0,7530,400,V.T.,Pagante
RMBS,56367,2017-10-02 16:18:51,901,1,0,7530,400,V.T.,Pagante
RMBS,56367,2017-10-04 16:22:39,901,1,0,7530,400,V.T.,Pagante
RMBS,67074,2016-10-07 18:37:05,901,1,0,7530,400,V.T.,Pagante
RMBS,62359,2016-10-04 14:38:43,901,0,0,7530,410,V.T.,Pagante
RMBS,46169,2017-10-01 11:58:00,901,0,0,7530,400,V.T.,Pagante
RMBS,46169,2017-10-01 20:31:07,901,1,0,7530,400,V.T.,Pagante
RMBS,91417,2017-10-02 17:47:39,901,0,0,7530,400,V.T.,Pagante
RMBS,155105,2016-10-07 12:47:48,901,0,0,7530,410,V.T.,Pagante
RMBS,63718,2017-10-07 16:13:28,901,0,0,7530,400,V.T.,Pagante
RMBS,74588,2016-10-04 18:01:08,901,1,0,7530,410,V.T.,Pagante
RMBS,135655,2017-10-03 20:38:25,901,1,0,7530,400,V.T.,Pagante
RMBS,59296,2017-10-07 23:20:36,901,0,0,7530,400,V.T.,Pagante
RMBS,95259,2017-10-03 05:38:06,901,0,0,7530,400,V.T.,Pagante
RMBS,95259,2017-10-06 05:37:14,901,0,0,7530,400,V.T.,Pagante
RMBS,95259,2017-10-04 05:37:18,901,0,0,7530,400,V.T.,Pagante
RMBS,104455,2017-10-05 22:30:10,901,1,0,7530,400,V.T.,Pagante
RMBS,157418,2017-10-01 08:28:21,901,0,0,7530,400,V.T.,Pagante
RMBS,72288,2016-10-07 22:42:41,901,0,0,7530,410,V.T.,Pagante
RMBS,111848,2016-10-06 22:58:06,901,0,0,7530,400,V.T.,Pagante
RMBS,111848,2016-10-04 22:58:00,901,0,0,7530,400,V.T.,Pagante
RMBS,111848,2016-10-05 22:55:52,901,0,0,7530,400,V.T.,Pagante
RMBS,156730,2017-10-02 18:49:54,901,1,0,7530,400,V.T.,Pagante
RMBS,156730,2017-10-04 16:38:47,901,1,0,7530,400,V.T.,Pagante
RMBS,114988,2016-10-05 07:15:42,901,0,0,7530,410,V.T.,Pagante
RMBS,60346,2016-10-01 19:42:00,901,0,0,7530,410,V.T.,Pagante
RMBS,94238,2016-10-07 15:29:46,901,0,0,7530,400,V.T.,Pagante
RMBS,32494,2016-10-07 12:42:34,901,0,0,7530,410,V.T.,Pagante
RMBS,58834,2016-10-05 17:08:14,901,0,0,7530,400,V.T.,Pagante
RMBS,58834,2017-10-05 15:38:36,901,0,0,7530,400,V.T.,Pagante
RMBS,115466,2016-10-06 13:31:06,901,1,0,7530,400,V.T.,Pagante
RMBS,115466,2017-10-02 12:11:49,901,1,0,7530,400,V.T.,Pagante
RMBS,115466,2016-10-04 13:29:04,901,1,0,7530,400,V.T.,Pagante
RMBS,115466,2017-10-04 12:16:19,901,1,0,7530,400,V.T.,Pagante
RMBS,68241,2017-10-05 15:42:54,901,0,1,7530,400,V.T.,Pagante
RMBS,79353,2016-10-07 09:53:49,901,1,0,7530,410,V.T.,Pagante
RMBS,103603,2016-10-03 08:38:45,901,0,0,7530,400,V.T.,Pagante
RMBS,103600,2016-10-04 20:17:15,901,1,0,7530,410,V.T.,Pagante
RMBS,44010,2016-10-04 07:19:02,901,0,0,7530,410,V.T.,Pagante
RMBS,45257,2016-10-03 08:42:16,901,0,0,7530,410,V.T.,Pagante
RMBS,45257,2016-10-03 16:14:22,901,1,0,7530,410,V.T.,Pagante
RMBS,85716,2017-10-07 09:31:50,901,0,0,7530,400,V.T.,Pagante
RMBS,2228,2016-10-03 10:26:26,901,0,0,7530,410,V.T.,Pagante
RMBS,17765,2017-10-07 23:30:06,901,0,0,7530,400,V.T.,Pagante
RMBS,153208,2017-10-07 13:43:41,901,0,0,7530,400,V.T.,Pagante
RMBS,27484,2017-10-05 07:43:16,901,0,0,7530,400,V.T.,Pagante
RMBS,107831,2016-10-06 06:54:17,901,0,0,7530,410,V.T.,Pagante
RMBS,107831,2016-10-04 06:53:02,901,0,0,7530,410,V.T.,Pagante
RMBS,107831,2016-10-03 06:51:49,901,0,0,7530,410,V.T.,Pagante
RMBS,93488,2016-10-04 23:16:26,901,0,0,7530,400,V.T.,Pagante
RMBS,168135,2017-10-03 05:42:46,901,0,0,7530,400,V.T.,Pagante
RMBS,168135,2017-10-06 05:42:31,901,0,0,7530,400,V.T.,Pagante
RMBS,168135,2017-10-04 05:41:04,901,0,0,7530,400,V.T.,Pagante
RMBS,17565,2016-10-03 15:33:43,901,1,0,7530,410,V.T.,Pagante
RMBS,124466,2016-10-05 09:20:26,901,0,0,7530,400,V.T.,Pagante
RMBS,76726,2017-10-02 22:28:28,901,1,0,7530,400,V.T.,Pagante
RMBS,76726,2017-10-07 20:10:11,901,1,0,7530,400,V.T.,Pagante
RMBS,76726,2017-10-04 22:43:07,901,1,0,7530,400,V.T.,Pagante
RMBS,1027,2017-10-03 20:03:39,901,0,0,7530,400,V.T.,Pagante
RMBS,28270,2016-10-06 06:41:15,901,0,0,7530,400,V.T.,Pagante
RMBS,100896,2017-10-07 13:18:21,901,0,0,7530,400,V.T.,Pagante
RMBS,17043,2016-10-01 21:52:08,901,1,0,7530,410,V.T.,Pagante
RMBS,132227,2016-10-07 13:36:36,901,1,0,7530,410,V.T.,Pagante
RMBS,68699,2017-10-03 22:33:50,901,1,0,7530,400,V.T.,Pagante
RMBS,26890,2017-10-07 12:27:34,901,1,0,7530,400,V.T.,Pagante
RMBS,91967,2016-10-07 16:19:58,901,1,0,7530,400,V.T.,Pagante
RMBS,22799,2016-10-07 13:45:48,901,1,0,7530,410,V.T.,Pagante
RMBS,128504,2017-10-02 16:31:30,901,1,0,7530,400,V.T.,Pagante
RMBS,128504,2017-10-03 16:31:38,901,1,0,7530,400,V.T.,Pagante
RMBS,128504,2017-10-04 16:38:33,901,1,0,7530,400,V.T.,Pagante
RMBS,125626,2017-10-07 07:18:51,901,0,0,7530,400,V.T.,Pagante
RMBS,15198,2017-10-03 07:21:38,901,0,0,7530,400,V.T.,Pagante
RMBS,155791,2016-10-05 15:57:13,901,1,0,7530,410,V.T.,Pagante
RMBS,162425,2017-10-03 13:56:52,901,0,0,7530,400,V.T.,Pagante
RMBS,115851,2017-10-04 21:54:53,901,0,0,7530,400,V.T.,Pagante
RMBS,55433,2017-10-04 09:26:53,901,0,0,7530,400,V.T.,Pagante
RMBS,164727,2017-10-01 20:09:59,901,1,0,7530,400,V.T.,Pagante
RMBS,164727,2017-10-01 20:10:07,901,1,0,7530,400,V.T.,Pagante
RMBS,86950,2016-10-05 21:54:45,901,1,0,7530,410,V.T.,Pagante
RMBS,41641,2017-10-01 22:05:24,901,1,0,7530,400,V.T.,Pagante
RMBS,148989,2017-10-02 05:33:02,901,0,0,7530,400,V.T.,Pagante
RMBS,65248,2017-10-02 15:18:52,901,0,0,7530,400,V.T.,Pagante
RMBS,7319,2017-10-06 06:28:02,901,1,0,7530,400,V.T.,Pagante
RMBS,7319,2017-10-05 06:25:48,901,1,0,7530,400,V.T.,Pagante
RMBS,133691,2016-10-06 12:24:46,901,0,0,7530,400,V.T.,Pagante
RMBS,133691,2016-10-06 12:24:56,901,0,0,7530,400,V.T.,Pagante
RMBS,100361,2016-10-07 12:50:05,901,0,0,7530,410,V.T.,Pagante
RMBS,29593,2017-10-07 17:33:54,901,0,0,7530,400,V.T.,Pagante
RMBS,116282,2017-10-04 07:36:24,901,0,0,7530,400,V.T.,Pagante
RMBS,167404,2017-10-07 12:11:36,901,0,0,7530,400,V.T.,Pagante
RMBS,43442,2016-10-03 09:24:37,901,0,0,7530,400,V.T.,Pagante
RMBS,21889,2017-10-03 05:56:53,901,0,0,7530,400,V.T.,Pagante
RMBS,21889,2017-10-06 05:56:53,901,0,0,7530,400,V.T.,Pagante
RMBS,13510,2016-10-06 06:49:07,901,0,0,7530,400,V.T.,Pagante
RMBS,34700,2017-10-04 13:21:50,901,0,0,7530,400,V.T.,Pagante
RMBS,166239,2016-10-04 09:36:48,901,1,0,7530,410,V.T.,Pagante
RMBS,14989,2016-10-01 13:08:43,901,0,0,7530,410,V.T.,Pagante
RMBS,110866,2017-10-05 05:56:45,901,0,0,7530,400,V.T.,Pagante
RMBS,110866,2017-10-04 05:56:46,901,0,0,7530,400,V.T.,Pagante
RMBS,8190,2017-10-06 09:40:49,901,0,0,7530,400,V.T.,Pagante
RMBS,113530,2016-10-05 15:40:56,901,1,0,7530,410,V.T.,Pagante
RMBS,136152,2016-10-07 07:33:52,901,0,0,7530,410,V.T.,Pagante
RMBS,136152,2016-10-04 07:25:33,901,0,0,7530,410,V.T.,Pagante
RMBS,98969,2017-10-06 13:33:32,901,0,0,7530,400,V.T.,Pagante
RMBS,130219,2016-10-01 19:54:58,901,1,0,7530,400,V.T.,Pagante
RMBS,3477,2017-10-07 07:22:22,901,0,0,7530,400,V.T.,Pagante
RMBS,15838,2017-10-05 20:40:19,901,1,0,7530,400,V.T.,Pagante
RMBS,3316,2017-10-02 05:32:57,901,0,0,7530,400,V.T.,Pagante
RMBS,3316,2017-10-03 05:31:49,901,0,0,7530,400,V.T.,Pagante
RMBS,3316,2017-10-06 05:30:45,901,0,0,7530,400,V.T.,Pagante
RMBS,3316,2017-10-04 05:31:30,901,0,0,7530,400,V.T.,Pagante
RMBS,165647,2017-10-06 12:06:06,901,1,0,7530,400,V.T.,Pagante
RMBS,46888,2016-10-04 16:53:19,901,0,0,7530,410,V.T.,Pagante
RMBS,156798,2016-10-07 14:37:55,901,0,0,7530,400,V.T.,Pagante
RMBS,58190,2016-10-05 15:08:18,901,0,0,7530,410,V.T.,Pagante
RMBS,22976,2017-10-03 17:47:44,901,0,0,7530,400,V.T.,Pagante
RMBS,119330,2016-10-04 11:21:30,901,1,0,7530,410,V.T.,Pagante
RMBS,32897,2016-10-03 23:14:46,901,1,0,7530,400,V.T.,Pagante
RMBS,72550,2016-10-04 09:43:54,901,1,0,7530,410,V.T.,Pagante
RMBS,77456,2017-10-04 18:42:25,901,1,0,7530,400,V.T.,Pagante
RMBS,98202,2016-10-05 15:33:14,901,0,0,7530,400,V.T.,Pagante
RMBS,98202,2016-10-04 15:22:28,901,0,0,7530,400,V.T.,Pagante
RMBS,98202,2016-10-03 15:22:50,901,0,0,7530,400,V.T.,Pagante
RMBS,98202,2016-10-06 15:23:52,901,0,0,7530,400,V.T.,Pagante
RMBS,98202,2017-10-02 07:18:17,901,0,0,7530,400,V.T.,Pagante
RMBS,98202,2017-10-03 07:19:28,901,0,0,7530,400,V.T.,Pagante
RMBS,98202,2017-10-07 07:20:36,901,0,0,7530,400,V.T.,Pagante
RMBS,98202,2017-10-06 07:17:53,901,0,0,7530,400,V.T.,Pagante
RMBS,125624,2017-10-03 08:20:11,901,1,0,7530,400,V.T.,Pagante
RMBS,125624,2017-10-04 08:20:23,901,1,0,7530,400,V.T.,Pagante
RMBS,125624,2017-10-06 08:23:33,901,1,0,7530,400,V.T.,Pagante
RMBS,84568,2017-10-02 16:52:17,901,1,0,7530,400,V.T.,Pagante
RMBS,84568,2017-10-02 13:09:31,901,0,0,7530,400,V.T.,Pagante
RMBS,153915,2016-10-03 06:54:48,901,0,0,7530,400,V.T.,Pagante
RMBS,86584,2017-10-01 14:30:40,901,1,0,7530,400,V.T.,Pagante
RMBS,69793,2017-10-06 05:58:06,901,0,0,7530,400,V.T.,Pagante
RMBS,19692,2017-10-02 15:54:47,901,0,0,7530,400,V.T.,Pagante
RMBS,162653,2017-10-05 18:29:39,901,0,0,7530,400,V.T.,Pagante
RMBS,162510,2016-10-05 17:42:11,901,0,0,7530,400,V.T.,Pagante
RMBS,145896,2017-10-04 13:31:05,901,0,0,7530,400,V.T.,Pagante
RMBS,125028,2016-10-06 12:47:35,901,0,0,7530,400,V.T.,Pagante
RMBS,125028,2016-10-07 12:50:35,901,0,0,7530,400,V.T.,Pagante
RMBS,96117,2016-10-03 06:47:57,901,0,0,7530,400,V.T.,Pagante
RMBS,21814,2017-10-07 13:19:02,901,0,0,7530,400,V.T.,Pagante
RMBS,3850,2017-10-04 09:42:21,901,0,0,7530,400,V.T.,Pagante
RMBS,124254,2017-10-01 21:48:18,901,0,0,7530,400,V.T.,Pagante
RMBS,167863,2017-10-07 23:05:13,901,0,0,7530,400,V.T.,Pagante
RMBS,79264,2017-10-06 07:17:47,901,0,0,7530,400,V.T.,Pagante
RMBS,120291,2017-10-05 13:56:00,901,0,0,7530,400,V.T.,Pagante
RMBS,12994,2017-10-03 10:11:55,901,0,0,7530,400,V.T.,Pagante
RMBS,129660,2017-10-03 16:50:38,901,1,0,7530,400,V.T.,Pagante
RMBS,7715,2017-10-03 17:57:08,901,0,0,7530,400,V.T.,Pagante
RMBS,119710,2017-10-04 22:38:48,901,1,0,7530,400,V.T.,Pagante
RMBS,116475,2017-10-07 07:45:49,901,0,0,7530,400,V.T.,Pagante
RMBS,60695,2017-10-01 18:30:29,901,1,0,7530,400,V.T.,Pagante
RMBS,65210,2016-10-06 13:37:35,901,1,0,7530,410,V.T.,Pagante
RMBS,152027,2017-10-05 11:35:46,901,0,0,7530,400,V.T.,Pagante
RMBS,28546,2016-10-07 20:13:17,901,0,0,7530,410,V.T.,Pagante
RMBS,144079,2016-10-07 20:14:32,901,0,0,7530,400,V.T.,Pagante
RMBS,108532,2017-10-06 16:37:01,901,1,0,7530,400,V.T.,Pagante
RMBS,61764,2017-10-06 18:08:56,901,0,0,7530,400,V.T.,Pagante
RMBS,61764,2017-10-04 18:17:29,901,0,0,7530,400,V.T.,Pagante
RMBS,74770,2017-10-02 07:30:04,901,0,0,7530,400,V.T.,Pagante
RMBS,109587,2016-10-06 07:46:09,901,0,0,7530,410,V.T.,Pagante
RMBS,109587,2016-10-06 07:46:09,901,0,0,7530,410,V.T.,Pagante
RMBS,79802,2017-10-04 18:56:05,901,1,0,7530,400,V.T.,Pagante
RMBS,102635,2017-10-03 16:20:06,901,1,0,7530,400,V.T.,Pagante
RMBS,41734,2017-10-01 08:28:25,901,0,0,7530,400,V.T.,Pagante
RMBS,84278,2016-10-05 12:47:44,901,0,0,7530,410,V.T.,Pagante
RMBS,84278,2016-10-01 11:34:41,901,0,0,7530,410,V.T.,Pagante
RMBS,161045,2016-10-04 12:34:35,901,0,0,7530,400,V.T.,Pagante
RMBS,161453,2016-10-07 15:46:43,901,1,0,7530,400,V.T.,Pagante
RMBS,43045,2016-10-04 13:36:28,901,1,0,7530,410,V.T.,Pagante
RMBS,134564,2016-10-07 15:46:55,901,1,0,7530,410,V.T.,Pagante
RMBS,134564,2016-10-01 15:15:20,901,0,0,7530,410,V.T.,Pagante
RMBS,96355,2016-10-03 12:30:26,901,0,0,7530,400,V.T.,Pagante
RMBS,539,2016-10-07 15:53:45,901,1,0,7530,410,V.T.,Pagante
RMBS,103825,2016-10-07 13:30:54,901,1,0,7530,400,V.T.,Pagante
RMBS,73245,2017-10-02 07:59:40,901,0,0,7530,400,V.T.,Pagante
RMBS,81365,2016-10-05 20:20:23,901,1,0,7530,410,V.T.,Pagante
RMBS,91221,2016-10-04 20:13:03,901,1,0,7530,400,V.T.,Pagante
RMBS,8603,2016-10-06 20:28:57,901,1,0,7530,400,V.T.,Pagante
RMBS,8603,2016-10-04 20:08:46,901,1,0,7530,400,V.T.,Pagante
RMBS,1015,2016-10-06 07:23:50,901,0,0,7530,400,V.T.,Pagante
RMBS,163957,2016-10-01 09:26:48,901,0,0,7530,400,V.T.,Pagante
RMBS,34029,2017-10-06 14:21:24,901,1,0,7530,400,V.T.,Pagante
RMBS,63404,2016-10-07 19:40:27,901,0,0,7530,410,V.T.,Pagante
RMBS,22499,2017-10-04 18:37:11,901,0,0,7530,400,V.T.,Pagante
RMBS,90737,2016-10-06 07:12:55,901,0,0,7530,400,V.T.,Pagante
RMBS,77668,2016-10-06 15:36:40,901,1,0,7530,400,V.T.,Pagante
RMBS,77668,2017-10-02 17:51:14,901,0,0,7530,400,V.T.,Pagante
RMBS,77668,2016-10-07 15:45:42,901,1,0,7530,400,V.T.,Pagante
RMBS,146732,2017-10-02 16:34:36,901,1,0,7530,400,V.T.,Pagante
RMBS,123461,2017-10-07 19:55:00,901,0,0,7530,400,V.T.,Pagante
RMBS,123465,2017-10-03 05:41:23,901,0,0,7530,400,V.T.,Pagante
RMBS,123465,2017-10-06 05:41:33,901,0,0,7530,400,V.T.,Pagante
RMBS,73053,2017-10-03 20:26:44,901,0,0,7530,400,V.T.,Pagante
RMBS,121121,2016-10-01 09:31:52,901,0,0,7530,410,V.T.,Pagante
RMBS,152310,2016-10-07 06:42:20,901,0,0,7530,410,V.T.,Pagante
RMBS,149011,2017-10-02 12:42:47,901,1,0,7530,400,V.T.,Pagante
RMBS,149011,2017-10-02 12:42:56,901,1,0,7530,400,V.T.,Pagante
RMBS,59698,2017-10-07 16:31:48,901,1,0,7530,400,V.T.,Pagante
RMBS,29414,2017-10-04 18:50:10,901,1,0,7530,400,V.T.,Pagante
RMBS,117979,2016-10-01 12:14:32,901,1,0,7530,410,V.T.,Pagante
RMBS,55997,2016-10-05 20:34:52,901,1,0,7530,410,V.T.,Pagante
RMBS,2614,2017-10-06 07:19:37,901,0,0,7530,400,V.T.,Pagante
RMBS,30150,2016-10-07 09:39:31,901,1,0,7530,410,V.T.,Pagante
RMBS,87138,2016-10-07 09:39:39,901,1,0,7530,410,V.T.,Pagante
RMBS,72700,2016-10-03 21:41:38,901,1,0,7530,410,V.T.,Pagante
RMBS,72700,2016-10-03 21:41:46,901,1,0,7530,410,V.T.,Pagante
RMBS,107002,2017-10-07 13:43:22,901,0,0,7530,400,V.T.,Pagante
RMBS,6664,2017-10-01 15:32:59,901,0,0,7530,400,V.T.,Pagante
RMBS,121320,2017-10-06 18:55:19,901,1,0,7530,400,V.T.,Pagante
RMBS,26150,2017-10-05 09:39:54,901,0,0,7530,400,V.T.,Pagante
RMBS,129749,2016-10-07 14:40:49,901,0,0,7530,400,V.T.,Pagante
RMBS,22664,2017-10-05 18:00:46,901,0,0,7530,400,V.T.,Pagante
RMBS,158065,2016-10-05 13:02:32,901,0,0,7530,410,V.T.,Pagante
RMBS,154643,2016-10-07 19:28:14,901,0,0,7530,400,V.T.,Pagante
RMBS,10267,2017-10-07 14:42:02,901,1,0,7530,400,V.T.,Pagante
RMBS,129267,2016-10-06 12:24:28,901,0,0,7530,410,V.T.,Pagante
RMBS,35728,2016-10-07 15:46:06,901,1,0,7530,400,V.T.,Pagante
RMBS,125501,2016-10-06 21:59:20,901,1,0,7530,410,V.T.,Pagante
RMBS,104533,2017-10-03 16:38:03,901,1,0,7530,400,V.T.,Pagante
RMBS,104533,2017-10-05 16:37:28,901,1,0,7530,400,V.T.,Pagante
RMBS,74906,2016-10-03 06:46:32,901,0,0,7530,410,V.T.,Pagante
RMBS,14001,2017-10-05 18:42:52,901,1,0,7530,400,V.T.,Pagante
RMBS,15750,2017-10-02 07:18:30,901,0,0,7530,400,V.T.,Pagante
RMBS,33634,2017-10-03 13:07:21,901,0,0,7530,400,V.T.,Pagante
RMBS,33634,2017-10-02 13:07:29,901,0,0,7530,400,V.T.,Pagante
RMBS,33634,2017-10-06 13:04:15,901,0,0,7530,400,V.T.,Pagante
RMBS,33634,2017-10-05 13:04:58,901,0,0,7530,400,V.T.,Pagante
RMBS,89410,2016-10-04 08:41:00,901,0,0,7530,410,V.T.,Pagante
RMBS,133572,2016-10-04 22:02:44,901,1,0,7530,410,V.T.,Pagante
RMBS,89420,2017-10-01 10:31:48,901,0,0,7530,400,V.T.,Pagante
RMBS,12574,2017-10-02 09:21:20,901,0,0,7530,400,V.T.,Pagante
RMBS,12574,2016-10-07 08:38:58,901,0,0,7530,400,V.T.,Pagante
RMBS,127581,2017-10-07 12:30:30,901,1,0,7530,400,V.T.,Pagante
RMBS,80682,2017-10-03 07:25:26,901,0,0,7530,400,V.T.,Pagante
RMBS,80682,2017-10-05 07:23:12,901,0,0,7530,400,V.T.,Pagante
RMBS,168397,2016-10-07 17:44:49,901,1,0,7530,410,V.T.,Pagante
RMBS,16089,2017-10-02 18:27:18,901,0,0,7530,400,V.T.,Pagante
RMBS,64701,2016-10-02 21:12:35,900,1,0,7530,400,V.T.,Pagante
RMBS,107340,2016-10-07 15:46:17,901,1,0,7530,400,V.T.,Pagante
RMBS,65757,2017-10-05 09:49:47,901,0,0,7530,400,V.T.,Pagante
RMBS,155034,2017-10-02 18:04:04,901,0,0,7530,400,V.T.,Pagante
RMBS,139023,2016-10-03 11:35:11,901,1,0,7530,410,V.T.,Pagante
RMBS,99678,2016-10-05 12:48:14,901,0,0,7530,400,V.T.,Pagante
RMBS,60960,2017-10-05 18:36:25,901,1,0,7530,400,V.T.,Pagante
RMBS,64780,2017-10-03 07:19:35,901,0,0,7530,400,V.T.,Pagante
RMBS,120422,2016-10-05 17:03:06,901,0,0,7530,400,V.T.,Pagante
RMBS,120422,2017-10-06 17:56:26,901,0,0,7530,400,V.T.,Pagante
RMBS,120422,2017-10-05 17:50:40,901,0,0,7530,400,V.T.,Pagante
RMBS,120422,2017-10-04 18:01:32,901,0,0,7530,400,V.T.,Pagante
RMBS,36833,2017-10-04 16:13:56,901,0,0,7530,400,V.T.,Pagante
RMBS,61497,2017-10-01 15:42:40,901,0,0,7530,400,V.T.,Pagante
RMBS,61497,2017-10-01 15:42:50,901,0,0,7530,400,V.T.,Pagante
RMBS,167193,2016-10-07 15:53:26,901,1,0,7530,410,V.T.,Pagante
RMBS,167193,2016-10-04 15:41:28,901,1,0,7530,410,V.T.,Pagante
RMBS,110979,2016-10-05 15:46:06,901,1,0,7530,400,V.T.,Pagante
RMBS,110979,2016-10-03 15:33:50,901,1,0,7530,400,V.T.,Pagante
RMBS,110979,2017-10-04 17:27:19,901,1,1,7530,400,V.T.,Pagante
RMBS,110979,2017-10-04 17:27:25,901,1,0,7530,400,V.T.,Pagante
RMBS,15846,2017-10-04 19:29:54,901,1,1,7530,400,V.T.,Pagante
RMBS,108449,2017-10-07 19:13:34,901,0,0,7530,400,V.T.,Pagante
RMBS,100028,2017-10-01 17:15:11,901,0,0,7530,400,V.T.,Pagante
RMBS,62305,2017-10-05 05:36:49,901,0,0,7530,400,V.T.,Pagante
RMBS,94579,2016-10-03 07:06:44,901,0,0,7530,400,V.T.,Pagante
RMBS,75310,2017-10-01 22:07:51,901,1,0,7530,400,V.T.,Pagante
RMBS,52823,2017-10-03 05:45:27,901,0,0,7530,400,V.T.,Pagante
RMBS,166438,2017-10-02 16:58:55,901,1,0,7530,400,V.T.,Pagante
RMBS,93819,2016-10-01 22:30:34,901,1,0,7530,410,V.T.,Pagante
RMBS,136110,2017-10-07 18:26:45,901,1,0,7530,400,V.T.,Pagante
RMBS,63539,2017-10-01 14:01:24,901,0,0,7530,400,V.T.,Pagante
RMBS,67098,2017-10-05 16:20:54,901,1,0,7530,400,V.T.,Pagante
RMBS,53941,2017-10-06 13:24:48,901,0,0,7530,400,V.T.,Pagante
RMBS,53941,2017-10-05 13:06:02,901,0,0,7530,400,V.T.,Pagante
RMBS,144964,2017-10-04 23:08:05,901,1,0,7530,400,V.T.,Pagante
RMBS,77463,2017-10-04 05:44:54,901,0,0,7530,400,V.T.,Pagante
RMBS,5060,2017-10-07 12:36:09,901,1,0,7530,400,V.T.,Pagante
RMBS,44219,2016-10-05 18:31:23,901,1,0,7530,410,V.T.,Pagante
RMBS,99334,2017-10-04 13:57:18,901,0,0,7530,400,V.T.,Pagante
RMBS,42180,2017-10-02 05:56:46,901,0,0,7530,400,V.T.,Pagante
RMBS,42180,2017-10-05 15:37:04,901,0,0,7530,400,V.T.,Pagante
RMBS,90156,2016-10-06 06:46:54,901,0,0,7530,410,V.T.,Pagante
RMBS,90156,2016-10-04 06:47:10,901,0,0,7530,410,V.T.,Pagante
RMBS,90156,2016-10-05 06:46:33,901,0,0,7530,410,V.T.,Pagante
RMBS,90156,2016-10-03 06:47:46,901,0,0,7530,410,V.T.,Pagante
RMBS,8890,2017-10-05 18:42:58,901,1,0,7530,400,V.T.,Pagante
RMBS,160015,2017-10-05 07:34:51,901,0,0,7530,400,V.T.,Pagante
RMBS,48496,2016-10-03 06:49:02,901,0,0,7530,410,V.T.,Pagante
RMBS,53481,2017-10-03 07:32:09,901,0,0,7530,400,V.T.,Pagante
RMBS,53481,2017-10-06 07:26:46,901,0,0,7530,400,V.T.,Pagante
RMBS,53481,2017-10-04 07:28:46,901,0,0,7530,400,V.T.,Pagante
RMBS,21841,2017-10-04 09:45:18,901,0,0,7530,400,V.T.,Pagante
RMBS,106321,2017-10-03 15:43:07,901,0,0,7530,400,V.T.,Pagante
RMBS,99037,2017-10-03 13:10:48,901,0,0,7530,400,V.T.,Pagante
RMBS,99037,2017-10-05 13:23:45,901,0,0,7530,400,V.T.,Pagante
RMBS,168907,2016-10-03 15:41:26,901,1,0,7530,400,V.T.,Pagante
RMBS,168907,2017-10-06 14:14:50,901,1,0,7530,400,V.T.,Pagante
RMBS,113920,2016-10-07 14:39:32,901,0,0,7530,400,V.T.,Pagante
RMBS,38458,2016-10-03 13:17:31,901,0,0,7530,400,V.T.,Pagante
RMBS,70333,2017-10-05 13:03:50,901,0,0,7530,400,V.T.,Pagante
RMBS,97502,2017-10-05 22:48:49,901,1,0,7530,400,V.T.,Pagante
RMBS,153344,2016-10-07 07:02:24,901,0,0,7530,400,V.T.,Pagante
RMBS,143033,2016-10-04 16:52:22,901,0,0,7530,400,V.T.,Pagante
RMBS,72028,2016-10-01 14:01:13,901,1,0,7530,410,V.T.,Pagante
RMBS,72029,2016-10-01 13:52:58,901,0,0,7530,410,V.T.,Pagante
RMBS,146933,2017-10-02 16:06:13,901,0,0,7530,400,V.T.,Pagante
RMBS,146933,2017-10-02 07:28:28,901,0,1,7530,400,V.T.,Pagante
RMBS,146933,2017-10-05 07:26:19,901,0,1,7530,400,V.T.,Pagante
RMBS,37440,2016-10-07 20:24:40,901,1,0,7530,400,V.T.,Pagante
RMBS,102667,2016-10-07 20:25:46,901,1,0,7530,400,V.T.,Pagante
RMBS,135857,2016-10-05 18:03:24,901,1,0,7530,410,V.T.,Pagante
RMBS,120315,2017-10-03 19:58:57,901,0,0,7530,400,V.T.,Pagante
RMBS,125024,2016-10-04 06:47:22,901,0,0,7530,410,V.T.,Pagante
RMBS,46765,2016-10-02 18:47:42,900,1,0,7530,410,V.T.,Pagante
RMBS,97989,2016-10-04 10:53:54,901,0,0,7530,410,V.T.,Pagante
RMBS,40357,2017-10-02 22:48:32,901,1,0,7530,400,V.T.,Pagante
RMBS,40357,2016-10-04 23:14:23,901,0,0,7530,400,V.T.,Pagante
RMBS,111643,2016-10-03 18:19:37,901,1,0,7530,410,V.T.,Pagante
RMBS,156872,2016-10-03 11:42:46,901,1,0,7530,410,V.T.,Pagante
RMBS,20433,2016-10-04 07:47:31,901,1,0,7530,400,V.T.,Pagante
RMBS,126592,2016-10-03 12:29:20,901,0,0,7530,400,V.T.,Pagante
RMBS,126592,2017-10-02 20:17:22,901,0,0,7530,400,V.T.,Pagante
RMBS,126592,2017-10-04 20:19:57,901,0,0,7530,400,V.T.,Pagante
RMBS,126592,2016-10-01 19:42:24,901,0,0,7530,400,V.T.,Pagante
RMBS,78516,2016-10-06 07:15:24,901,0,0,7530,410,V.T.,Pagante
RMBS,78516,2016-10-07 07:13:14,901,0,0,7530,410,V.T.,Pagante
RMBS,93424,2017-10-06 11:37:58,901,0,0,7530,400,V.T.,Pagante
RMBS,81280,2016-10-07 06:51:47,901,0,0,7530,400,V.T.,Pagante
RMBS,81280,2016-10-04 06:52:56,901,0,0,7530,400,V.T.,Pagante
RMBS,81280,2016-10-05 06:52:13,901,0,0,7530,400,V.T.,Pagante
RMBS,139144,2016-10-07 15:54:26,901,1,0,7530,410,V.T.,Pagante
RMBS,48805,2017-10-05 14:21:32,901,1,0,7530,400,V.T.,Pagante
RMBS,42291,2016-10-06 22:02:34,901,1,0,7530,400,V.T.,Pagante
RMBS,123633,2016-10-03 06:48:10,901,0,0,7530,400,V.T.,Pagante
RMBS,123633,2016-10-06 06:50:02,901,0,0,7530,400,V.T.,Pagante
RMBS,25126,2016-10-03 09:03:06,901,0,0,7530,400,V.T.,Pagante
RMBS,25126,2016-10-07 09:03:52,901,0,0,7530,400,V.T.,Pagante
RMBS,25126,2016-10-04 09:04:15,901,0,0,7530,400,V.T.,Pagante
RMBS,3352,2016-10-06 07:13:03,901,0,0,7530,410,V.T.,Pagante
RMBS,3352,2016-10-04 07:10:55,901,0,0,7530,410,V.T.,Pagante
RMBS,132244,2017-10-05 09:43:25,901,0,0,7530,400,V.T.,Pagante
RMBS,8447,2017-10-03 00:18:16,901,1,0,7530,400,V.T.,Pagante
RMBS,131263,2017-10-02 09:26:16,901,0,0,7530,400,V.T.,Pagante
RMBS,138666,2016-10-03 06:54:33,901,0,0,7530,400,V.T.,Pagante
RMBS,36006,2016-10-03 17:19:03,901,0,0,7530,400,V.T.,Pagante
RMBS,47833,2016-10-03 17:42:48,901,1,0,7530,400,V.T.,Pagante
RMBS,28534,2016-10-07 23:32:02,901,1,0,7530,400,V.T.,Pagante
RMBS,149800,2017-10-04 13:05:21,901,0,0,7530,400,V.T.,Pagante
RMBS,75471,2017-10-06 16:30:14,901,1,0,7530,400,V.T.,Pagante
RMBS,92962,2017-10-06 16:49:07,901,1,0,7530,400,V.T.,Pagante
RMBS,76359,2017-10-04 18:44:49,901,1,0,7530,400,V.T.,Pagante
RMBS,145055,2017-10-04 07:23:49,901,0,0,7530,400,V.T.,Pagante
RMBS,122110,2017-10-07 10:11:05,901,1,0,7530,400,V.T.,Pagante
RMBS,87394,2017-10-07 17:40:10,901,0,0,7530,400,V.T.,Pagante
RMBS,132824,2017-10-02 19:00:50,901,1,0,7530,400,V.T.,Pagante
RMBS,132824,2017-10-06 18:51:35,901,1,0,7530,400,V.T.,Pagante
RMBS,132824,2017-10-04 19:06:19,901,1,0,7530,400,V.T.,Pagante
RMBS,47662,2016-10-01 23:46:10,901,1,0,7530,410,V.T.,Pagante
RMBS,12097,2016-10-05 10:28:34,901,0,0,7530,410,V.T.,Pagante
RMBS,49298,2017-10-06 14:35:35,901,1,0,7530,400,V.T.,Pagante
RMBS,162637,2016-10-07 12:50:41,901,0,0,7530,410,V.T.,Pagante
RMBS,163328,2016-10-05 15:57:05,901,1,0,7530,400,V.T.,Pagante
RMBS,163328,2016-10-01 14:05:09,901,1,0,7530,400,V.T.,Pagante
RMBS,157565,2016-10-05 15:01:22,901,0,0,7530,400,V.T.,Pagante
RMBS,157565,2016-10-05 15:01:22,901,0,0,7530,400,V.T.,Pagante
RMBS,166525,2016-10-07 07:52:15,901,1,0,7530,410,V.T.,Pagante
RMBS,166525,2016-10-01 08:05:47,901,1,0,7530,410,V.T.,Pagante
RMBS,143914,2016-10-06 14:36:35,901,0,0,7530,410,V.T.,Pagante
RMBS,103124,2017-10-01 08:25:08,901,0,0,7530,400,V.T.,Pagante
RMBS,103124,2017-10-01 08:25:13,901,0,0,7530,400,V.T.,Pagante
RMBS,103124,2017-10-05 12:44:49,901,1,1,7530,400,V.T.,Pagante
RMBS,80067,2016-10-06 06:39:53,901,0,0,7530,400,V.T.,Pagante
RMBS,80067,2016-10-07 06:45:43,901,0,0,7530,400,V.T.,Pagante
RMBS,120661,2017-10-05 12:02:56,901,1,0,7530,400,V.T.,Pagante
RMBS,70420,2016-10-05 18:29:11,901,1,0,7530,400,V.T.,Pagante
RMBS,164476,2016-10-07 07:01:44,901,0,0,7530,410,V.T.,Pagante
RMBS,5360,2016-10-06 17:32:38,901,0,0,7530,400,V.T.,Pagante
RMBS,156947,2016-10-04 06:53:09,901,0,0,7530,410,V.T.,Pagante
RMBS,89412,2016-10-06 23:19:23,901,1,0,7530,410,V.T.,Pagante
RMBS,89412,2016-10-05 23:18:44,901,1,0,7530,410,V.T.,Pagante
RMBS,127316,2017-10-05 15:36:48,901,0,0,7530,400,V.T.,Pagante
RMBS,107914,2017-10-07 09:32:57,901,0,0,7530,400,V.T.,Pagante
RMBS,112526,2017-10-06 00:00:08,901,1,0,7530,400,V.T.,Pagante
RMBS,112526,2017-10-06 00:00:17,901,1,0,7530,400,V.T.,Pagante
RMBS,104941,2016-10-07 20:19:55,901,1,0,7530,410,V.T.,Pagante
RMBS,29687,2017-10-03 05:41:02,901,0,0,7530,400,V.T.,Pagante
RMBS,29687,2017-10-06 05:41:48,901,0,0,7530,400,V.T.,Pagante
RMBS,29687,2017-10-05 05:40:11,901,0,0,7530,400,V.T.,Pagante
RMBS,33105,2016-10-05 06:47:52,901,0,0,7530,410,V.T.,Pagante
RMBS,133383,2017-10-02 22:18:09,901,1,0,7530,400,V.T.,Pagante
RMBS,139975,2017-10-02 20:02:09,901,0,0,7530,400,V.T.,Pagante
RMBS,33819,2017-10-04 20:00:53,901,0,0,7530,400,V.T.,Pagante
RMBS,18070,2017-10-02 05:33:16,901,0,0,7530,400,V.T.,Pagante
RMBS,18070,2017-10-04 05:31:46,901,0,0,7530,400,V.T.,Pagante
RMBS,123731,2016-10-03 11:48:13,901,1,0,7530,410,V.T.,Pagante
RMBS,17667,2017-10-06 12:33:17,901,1,0,7530,400,V.T.,Pagante
RMBS,128645,2017-10-01 08:42:37,901,0,0,7530,400,V.T.,Pagante
RMBS,144663,2016-10-05 10:37:01,901,0,0,7530,410,V.T.,Pagante
RMBS,20986,2016-10-07 23:56:25,901,1,0,7530,410,V.T.,Pagante
RMBS,20986,2016-10-07 23:56:32,901,1,0,7530,410,V.T.,Pagante
RMBS,23324,2017-10-05 07:35:16,901,0,0,7530,400,V.T.,Pagante
RMBS,147678,2016-10-06 13:14:58,901,0,0,7530,400,V.T.,Pagante
RMBS,29161,2016-10-06 20:13:06,901,1,0,7530,400,V.T.,Pagante
RMBS,29169,2016-10-06 07:13:11,901,0,0,7530,400,V.T.,Pagante
RMBS,45247,2017-10-05 18:36:17,901,1,0,7530,400,V.T.,Pagante
RMBS,144099,2016-10-05 21:07:02,901,0,0,7530,410,V.T.,Pagante
RMBS,6637,2016-10-07 22:45:58,901,0,0,7530,410,V.T.,Pagante
RMBS,4649,2016-10-06 07:14:32,901,0,0,7530,400,V.T.,Pagante
RMBS,125163,2016-10-05 06:57:37,901,0,0,7530,400,V.T.,Pagante
RMBS,125163,2016-10-04 06:59:48,901,0,0,7530,400,V.T.,Pagante
RMBS,125163,2016-10-03 06:59:30,901,0,0,7530,400,V.T.,Pagante
RMBS,125163,2016-10-06 07:43:04,901,0,0,7530,400,V.T.,Pagante
RMBS,87317,2017-10-07 13:23:13,901,0,0,7530,400,V.T.,Pagante
