Linha,prefixo,count,,,,,,,
904,8611,9644,,,,,,,
904,7277,9106,,,,,,,
901,7530,8558,,,,,,,
904,8642,8518,,,,,,,
928,7584,8510,,,,,,,
901,7414,8364,,,,,,,
903,9200,8162,,,,,,,
900,7403,8078,,,,,,,
900,7504,8063,,,,,,,
942,8404,8050,,,,,,,
901,7533,7827,,,,,,,
937,6202,7754,,,,,,,
943,7583,7732,,,,,,,
901,7531,7716,,,,,,,
901,7525,7673,,,,,,,
901,7532,7629,,,,,,,
934,8640,7619,,,,,,,
900,7506,7517,,,,,,,
901,7529,7446,,,,,,,
907,7281,7341,,,,,,,
904,7278,7266,,,,,,,
942,7545,7240,,,,,,,
903,9201,7202,,,,,,,
900,7500,7194,,,,,,,
900,7204,7093,,,,,,,
908,7210,7062,,,,,,,
908,7205,7046,,,,,,,
901,7538,6897,,,,,,,
950,6203,6858,,,,,,,
900,7209,6816,,,,,,,
908,7520,6770,,,,,,,
901,7526,6747,,,,,,,
903,9109,6710,,,,,,,
901,7235,6706,,,,,,,
933,7242,6632,,,,,,,
934,7303,6532,,,,,,,
903,9100,6510,,,,,,,
903,9104,6494,,,,,,,
900,7203,6493,,,,,,,
907,7282,6482,,,,,,,
900,7505,6479,,,,,,,
904,8643,6443,,,,,,,
901,7535,6418,,,,,,,
934EX1,7128,6414,,,,,,,
900,7501,6390,,,,,,,
942,7546,6344,,,,,,,
943,7120,6339,,,,,,,
908,7519,6195,,,,,,,
930EX1,6601,6110,,,,,,,
943,7147,6074,,,,,,,
900,7406,6072,,,,,,,
948,7585,6062,,,,,,,
902,7536,6044,,,,,,,
943,7119,6018,,,,,,,
902,7293,5964,,,,,,,
903,9102,5960,,,,,,,
940,8606,5952,,,,,,,
900,7502,5896,,,,,,,
939,8415,5891,,,,,,,
907,7289,5876,,,,,,,
931,7541,5775,,,,,,,
903,9106,5736,,,,,,,
902,7416,5697,,,,,,,
903,9103,5640,,,,,,,
903,9107,5602,,,,,,,
905,9510,5596,,,,,,,
908,7517,5596,,,,,,,
908,7523,5506,,,,,,,
931,8613,5504,,,,,,,
908,7411,5478,,,,,,,
934EX1,7131,5478,,,,,,,
903,9108,5470,,,,,,,
908,7408,5459,,,,,,,
902,7292,5377,,,,,,,
900,7407,5338,,,,,,,
902,7291,5318,,,,,,,
902,7294,5313,,,,,,,
934,7312,5280,,,,,,,
905,9508,5263,,,,,,,
908,7512,5253,,,,,,,
912,7130,5253,,,,,,,
901,7534,5238,,,,,,,
902,7295,5222,,,,,,,
947,7548,5159,,,,,,,
939,8435,5136,,,,,,,
942,8406,5136,,,,,,,
932,7100,5125,,,,,,,
901,7527,5085,,,,,,,
941,8623,5058,,,,,,,
903,9110,5038,,,,,,,
902,7412,5035,,,,,,,
939,7132,5031,,,,,,,
930EX1,6608,4872,,,,,,,
905,9506,4854,,,,,,,
912,7151,4837,,,,,,,
927,8439,4791,,,,,,,
947,7549,4763,,,,,,,
931,7239,4742,,,,,,,
930EX1,6602,4738,,,,,,,
907,7284,4687,,,,,,,
927,7311,4655,,,,,,,
915,7508,4630,,,,,,,
941,8632,4626,,,,,,,
943,7141,4606,,,,,,,
934,7124,4584,,,,,,,
934,7255,4554,,,,,,,
900,7200,4544,,,,,,,
931,7301,4543,,,,,,,
941,7308,4501,,,,,,,
901BI1,7401,4493,,,,,,,
904,8644,4490,,,,,,,
902,7537,4484,,,,,,,
907,7288,4481,,,,,,,
947,7228,4460,,,,,,,
931,8610,4443,,,,,,,
942,8134,4441,,,,,,,
903,8003,4414,,,,,,,
931,8612,4413,,,,,,,
934,8630,4392,,,,,,,
930EX1,6612,4390,,,,,,,
931,8609,4390,,,,,,,
919,7159,4337,,,,,,,
931,7300,4336,,,,,,,
901BI1,7570,4326,,,,,,,
914,7252,4326,,,,,,,
927,7149,4319,,,,,,,
931,7313,4278,,,,,,,
931,7314,4265,,,,,,,
912,7121,4257,,,,,,,
943,8420,4253,,,,,,,
907,7290,4249,,,,,,,
908,7413,4201,,,,,,,
951,6606,4194,,,,,,,
928,7265,4189,,,,,,,
931,8434,4166,,,,,,,
939,8414,4134,,,,,,,
900,7206,4107,,,,,,,
905,9500,4093,,,,,,,
943,7116,4072,,,,,,,
903,9105,4070,,,,,,,
914,7248,4058,,,,,,,
940,7153,4054,,,,,,,
931,8641,4047,,,,,,,
933,7244,4017,,,,,,,
934,7133,4004,,,,,,,
932,7127,3981,,,,,,,
933,7250,3958,,,,,,,
934EX1,8429,3946,,,,,,,
904,8634,3943,,,,,,,
905,9501,3925,,,,,,,
905,8621,3842,,,,,,,
912,7107,3828,,,,,,,
907,7279,3822,,,,,,,
943BI1,8626,3820,,,,,,,
907,7285,3812,,,,,,,
908,7524,3806,,,,,,,
931,7136,3797,,,,,,,
927,8638,3794,,,,,,,
912,7117,3792,,,,,,,
900,8656,3784,,,,,,,
908,7419,3781,,,,,,,
931,7309,3777,,,,,,,
942,8130,3768,,,,,,,
943,7122,3768,,,,,,,
900,7207,3765,,,,,,,
901BI1,8654,3765,,,,,,,
932,7110,3756,,,,,,,
905,9512,3749,,,,,,,
931,7152,3729,,,,,,,
937,7260,3725,,,,,,,
900,7202,3711,,,,,,,
950,6201,3710,,,,,,,
905,9504,3664,,,,,,,
904,8433,3662,,,,,,,
948,7145,3647,,,,,,,
939,8604,3612,,,,,,,
948,7272,3600,,,,,,,
937,7586,3584,,,,,,,
933,7260,3569,,,,,,,
925,7539,3552,,,,,,,
907,7280,3548,,,,,,,
918,8201,3542,,,,,,,
931,7268,3537,,,,,,,
934EX1,7106,3524,,,,,,,
940,7126,3517,,,,,,,
907,7286,3516,,,,,,,
934EX1,7129,3501,,,,,,,
927,7306,3500,,,,,,,
906,8132,3487,,,,,,,
955,9509,3483,,,,,,,
939,8628,3481,,,,,,,
930,8663,3463,,,,,,,
933,7259,3458,,,,,,,
948,7114,3458,,,,,,,
928,8624,3452,,,,,,,
934EX1,8426,3407,,,,,,,
940,8427,3406,,,,,,,
947,7547,3389,,,,,,,
933,7251,3364,,,,,,,
934EX1,7077,3364,,,,,,,
940,8428,3356,,,,,,,
904,7262,3322,,,,,,,
939,7108,3317,,,,,,,
918,8202,3314,,,,,,,
942,8128,3298,,,,,,,
942,7566,3293,,,,,,,
934,8629,3292,,,,,,,
955,8619,3282,,,,,,,
955,9507,3282,,,,,,,
934,7113,3275,,,,,,,
933,7240,3274,,,,,,,
931,7139,3251,,,,,,,
949,6610,3240,,,,,,,
941,7276,3233,,,,,,,
943,8636,3223,,,,,,,
942,7559,3193,,,,,,,
900,7507,3175,,,,,,,
928,8620,3142,,,,,,,
934EX1,7273,3132,,,,,,,
934EX1,7123,3112,,,,,,,
919,8204,3105,,,,,,,
939,8425,3105,,,,,,,
904,8615,3098,,,,,,,
906,8139,3095,,,,,,,
904,7123,3094,,,,,,,
931,7310,3093,,,,,,,
934EX1,8425,3090,,,,,,,
931,7243,3072,,,,,,,
934EX1,8416,3071,,,,,,,
942,8401,3067,,,,,,,
943,7307,3035,,,,,,,
950,6202,3018,,,,,,,
939,7103,3016,,,,,,,
900,7211,3011,,,,,,,
905EX1,8618,3006,,,,,,,
934,7305,2996,,,,,,,
905,9511,2993,,,,,,,
900,7201,2979,,,,,,,
934EX1,8417,2956,,,,,,,
931,7274,2937,,,,,,,
906,7552,2936,,,,,,,
934EX1,7076,2934,,,,,,,
919,8408,2921,,,,,,,
949,6604,2910,,,,,,,
913,7258,2908,,,,,,,
934,8436,2873,,,,,,,
934EX1,8433,2869,,,,,,,
918,7160,2861,,,,,,,
939,7270,2861,,,,,,,
934,8637,2842,,,,,,,
906,8151,2836,,,,,,,
933,7247,2830,,,,,,,
940,7143,2827,,,,,,,
903,8002,2818,,,,,,,
928,8212,2812,,,,,,,
942,7317,2805,,,,,,,
934,8647,2803,,,,,,,
955,9503,2801,,,,,,,
917,7551,2793,,,,,,,
942,8150,2793,,,,,,,
907,7211,2774,,,,,,,
927,8413,2768,,,,,,,
942,7318,2765,,,,,,,
912,7148,2764,,,,,,,
902,8138,2759,,,,,,,
906,7558,2759,,,,,,,
907,7283,2754,,,,,,,
906,8137,2734,,,,,,,
934EX1,8421,2731,,,,,,,
934EX1,8430,2722,,,,,,,
930,8657,2719,,,,,,,
918,8407,2713,,,,,,,
932,8431,2712,,,,,,,
947,7158,2700,,,,,,,
918,8154,2684,,,,,,,
947,8166,2672,,,,,,,
933,7305,2671,,,,,,,
944,9113,2671,,,,,,,
955,9511,2651,,,,,,,
939,8205,2649,,,,,,,
934,8419,2647,,,,,,,
942,8173,2642,,,,,,,
938,7572,2640,,,,,,,
955,8618,2640,,,,,,,
942,8171,2634,,,,,,,
934EX1,8438,2627,,,,,,,
904,7269,2613,,,,,,,
942,8162,2606,,,,,,,
903,9101,2604,,,,,,,
955,9502,2601,,,,,,,
906,8173,2595,,,,,,,
912,8432,2592,,,,,,,
930,8660,2591,,,,,,,
915,7514,2587,,,,,,,
930EX1,6609,2566,,,,,,,
909,6605,2562,,,,,,,
934EX1,7109,2562,,,,,,,
932,8430,2555,,,,,,,
939,8617,2536,,,,,,,
942,8405,2535,,,,,,,
930,8665,2533,,,,,,,
931,7257,2532,,,,,,,
912BI1,7148,2516,,,,,,,
902,7286,2505,,,,,,,
933,7241,2498,,,,,,,
931,8639,2481,,,,,,,
934EX1,8432,2480,,,,,,,
933BI1,7245,2466,,,,,,,
948,7266,2448,,,,,,,
917,7156,2440,,,,,,,
934EX1,7142,2429,,,,,,,
942,8146,2426,,,,,,,
936,7559,2425,,,,,,,
931,7137,2418,,,,,,,
931,8605,2413,,,,,,,
939,8631,2409,,,,,,,
947,7557,2408,,,,,,,
938,7573,2386,,,,,,,
904,7197,2384,,,,,,,
933,7586,2380,,,,,,,
947,7553,2377,,,,,,,
934EX1,7111,2372,,,,,,,
943,7302,2369,,,,,,,
912,7111,2366,,,,,,,
915,7509,2360,,,,,,,
936,8145,2346,,,,,,,
943,8607,2341,,,,,,,
944,9112,2337,,,,,,,
938,7567,2333,,,,,,,
942,8147,2332,,,,,,,
919,7162,2331,,,,,,,
906,7554,2329,,,,,,,
942,7315,2329,,,,,,,
905,9509,2318,,,,,,,
925,7404,2315,,,,,,,
905EX1,8619,2307,,,,,,,
927,7075,2306,,,,,,,
917,7550,2304,,,,,,,
949,6600,2304,,,,,,,
948,8206,2298,,,,,,,
943BI1,7271,2290,,,,,,,
918,7154,2286,,,,,,,
911,7138,2282,,,,,,,
906,7557,2274,,,,,,,
900,7571,2270,,,,,,,
917,8411,2270,,,,,,,
929,6613,2264,,,,,,,
933,7256,2257,,,,,,,
919,7158,2248,,,,,,,
940,8419,2246,,,,,,,
944,9114,2240,,,,,,,
904,7275,2236,,,,,,,
905,7544,2225,,,,,,,
942,8400,2225,,,,,,,
939,7101,2218,,,,,,,
901,7229,2209,,,,,,,
939,8426,2207,,,,,,,
905,9502,2202,,,,,,,
927,7267,2194,,,,,,,
934,7102,2191,,,,,,,
934,8211,2186,,,,,,,
900,7503,2184,,,,,,,
910,9623,2181,,,,,,,
906,8121,2178,,,,,,,
938,8123,2173,,,,,,,
910,9617,2169,,,,,,,
905EX1,9501,2161,,,,,,,
931,8616,2159,,,,,,,
918,7155,2156,,,,,,,
904,8630,2154,,,,,,,
904,8647,2154,,,,,,,
943BI1,8637,2149,,,,,,,
915,7564,2140,,,,,,,
943,8437,2138,,,,,,,
906,8144,2131,,,,,,,
931,7304,2124,,,,,,,
931,8627,2117,,,,,,,
927,8208,2116,,,,,,,
931,8614,2116,,,,,,,
934,7150,2099,,,,,,,
901BI1,7297,2093,,,,,,,
948,8412,2080,,,,,,,
948,8625,2075,,,,,,,
934,7172,2074,,,,,,,
936,8135,2066,,,,,,,
941,8616,2059,,,,,,,
906,7556,2047,,,,,,,
936,7405,2041,,,,,,,
942,8136,2034,,,,,,,
912BI1,7135,2033,,,,,,,
918,8200,2018,,,,,,,
915,7510,2015,,,,,,,
932,7104,2011,,,,,,,
906,7553,2005,,,,,,,
908,7528,2004,,,,,,,
940,7140,1993,,,,,,,
912,7135,1990,,,,,,,
910,9616,1986,,,,,,,
948,8422,1966,,,,,,,
918,8405,1965,,,,,,,
907,7296,1960,,,,,,,
905,9505,1959,,,,,,,
943BI1,7146,1959,,,,,,,
906,8127,1953,,,,,,,
919,8200,1945,,,,,,,
940,8602,1937,,,,,,,
936,7561,1928,,,,,,,
945,7302,1928,,,,,,,
934EX1,7104,1916,,,,,,,
942,7237,1911,,,,,,,
908,7521,1909,,,,,,,
945,7310,1896,,,,,,,
908,8118,1880,,,,,,,
915,7511,1877,,,,,,,
907,7297,1874,,,,,,,
910,9614,1872,,,,,,,
905,9507,1869,,,,,,,
930,8650,1867,,,,,,,
947,7561,1865,,,,,,,
919,8403,1857,,,,,,,
941,8629,1857,,,,,,,
905EX1,9507,1853,,,,,,,
934EX1,7542,1853,,,,,,,
940,7142,1852,,,,,,,
936,8126,1848,,,,,,,
917,8169,1847,,,,,,,
906,7555,1846,,,,,,,
936,7560,1843,,,,,,,
919,8401,1842,,,,,,,
915,7415,1828,,,,,,,
948,8646,1828,,,,,,,
902,7290,1822,,,,,,,
909,6609,1802,,,,,,,
901,7516,1798,,,,,,,
906,8133,1798,,,,,,,
943,8423,1789,,,,,,,
910,9621,1788,,,,,,,
939,8207,1778,,,,,,,
906,7540,1777,,,,,,,
913,8615,1777,,,,,,,
919,8138,1775,,,,,,,
931,7261,1770,,,,,,,
930,8664,1766,,,,,,,
930,8601,1762,,,,,,,
910,9611,1754,,,,,,,
929,6614,1750,,,,,,,
927,8626,1749,,,,,,,
942,8157,1749,,,,,,,
934,8633,1748,,,,,,,
936,8124,1747,,,,,,,
908,7522,1741,,,,,,,
936,7400,1741,,,,,,,
904,8603,1740,,,,,,,
942,8167,1737,,,,,,,
948,8608,1734,,,,,,,
930,8666,1729,,,,,,,
925,8117,1726,,,,,,,
933,8631,1726,,,,,,,
942,7155,1720,,,,,,,
917,8652,1705,,,,,,,
936,7563,1703,,,,,,,
938,8120,1700,,,,,,,
901BI1,7573,1699,,,,,,,
900,7208,1697,,,,,,,
934,8431,1696,,,,,,,
906,7402,1694,,,,,,,
930,8658,1693,,,,,,,
942,7551,1687,,,,,,,
942,8402,1680,,,,,,,
917,8653,1677,,,,,,,
917,8147,1671,,,,,,,
925,7415,1656,,,,,,,
910,9612,1654,,,,,,,
906,8131,1648,,,,,,,
931,8625,1641,,,,,,,
934,7078,1636,,,,,,,
938,7568,1627,,,,,,,
943,8632,1626,,,,,,,
934EX1,7125,1624,,,,,,,
918,8409,1623,,,,,,,
910,9618,1615,,,,,,,
942,8408,1611,,,,,,,
948,8635,1607,,,,,,,
910,9613,1606,,,,,,,
943,8645,1606,,,,,,,
940,7105,1603,,,,,,,
925,7410,1597,,,,,,,
952,7515,1593,,,,,,,
910,9619,1587,,,,,,,
936,8142,1577,,,,,,,
908,7516,1572,,,,,,,
938,7566,1569,,,,,,,
948,7118,1567,,,,,,,
900,8106,1565,,,,,,,
910,9622,1560,,,,,,,
900,8110,1556,,,,,,,
912,7109,1556,,,,,,,
931,7143,1551,,,,,,,
955,9512,1540,,,,,,,
907,7287,1539,,,,,,,
933,8614,1539,,,,,,,
906,8117,1538,,,,,,,
918,8410,1537,,,,,,,
919,8170,1534,,,,,,,
915,7233,1532,,,,,,,
932,7102,1532,,,,,,,
905,8619,1530,,,,,,,
938,7569,1525,,,,,,,
910,9605,1523,,,,,,,
905,7254,1513,,,,,,,
947,8651,1512,,,,,,,
955,8621,1506,,,,,,,
942,7552,1504,,,,,,,
947,8169,1496,,,,,,,
942,8121,1495,,,,,,,
933,7246,1490,,,,,,,
911,7130,1479,,,,,,,
903VP1,8002,1474,,,,,,,
947,7555,1465,,,,,,,
929,6615,1432,,,,,,,
947,7507,1417,,,,,,,
942,7319,1415,,,,,,,
912,7138,1412,,,,,,,
904,7196,1408,,,,,,,
901,7528,1404,,,,,,,
931,7148,1392,,,,,,,
941,7254,1384,,,,,,,
947,8135,1384,,,,,,,
912,8429,1383,,,,,,,
930,8662,1383,,,,,,,
936,8155,1383,,,,,,,
910,9603,1376,,,,,,,
943BI1,8421,1376,,,,,,,
942,7154,1374,,,,,,,
938,7571,1355,,,,,,,
901,8154,1354,,,,,,,
925,8655,1353,,,,,,,
938,7574,1348,,,,,,,
938,8143,1348,,,,,,,
901,8122,1340,,,,,,,
934,7241,1330,,,,,,,
901,7547,1329,,,,,,,
906,7238,1329,,,,,,,
913,7253,1326,,,,,,,
900,7568,1325,,,,,,,
907,7207,1322,,,,,,,
911,7115,1322,,,,,,,
925,7409,1320,,,,,,,
930EX1,8600,1319,,,,,,,
900,8668,1316,,,,,,,
933,8624,1315,,,,,,,
910,9615,1312,,,,,,,
947,7562,1309,,,,,,,
933,7261,1303,,,,,,,
912,7144,1296,,,,,,,
901,7409,1294,,,,,,,
927,7125,1289,,,,,,,
933,7254,1279,,,,,,,
930,8668,1278,,,,,,,
905EX1,9504,1276,,,,,,,
954,6611,1276,,,,,,,
911,7135,1274,,,,,,,
900,7518,1272,,,,,,,
903VP1,9109,1264,,,,,,,
934,8634,1264,,,,,,,
925,7418,1262,,,,,,,
936,8122,1259,,,,,,,
900,7236,1257,,,,,,,
938,8146,1255,,,,,,,
934EX1,7544,1254,,,,,,,
900,8124,1253,,,,,,,
939,7105,1250,,,,,,,
902,8155,1247,,,,,,,
908,7535,1247,,,,,,,
942,7157,1238,,,,,,,
954,6607,1238,,,,,,,
915,7513,1233,,,,,,,
905EX1,9502,1229,,,,,,,
942,8407,1229,,,,,,,
934,8416,1228,,,,,,,
904,7244,1222,,,,,,,
930,8648,1222,,,,,,,
901,7417,1218,,,,,,,
940,7101,1217,,,,,,,
947,8153,1216,,,,,,,
942,8135,1210,,,,,,,
936,7562,1206,,,,,,,
909,6603,1202,,,,,,,
931,7275,1199,,,,,,,
942,8411,1198,,,,,,,
905,8620,1195,,,,,,,
945,7273,1195,,,,,,,
938,8130,1184,,,,,,,
904,8622,1180,,,,,,,
943,8418,1180,,,,,,,
930,8655,1177,,,,,,,
908,7511,1170,,,,,,,
908,8152,1170,,,,,,,
942,7402,1168,,,,,,,
910,9624,1167,,,,,,,
930,8653,1162,,,,,,,
951,6600,1162,,,,,,,
933,7257,1161,,,,,,,
904,7267,1156,,,,,,,
925,7565,1154,,,,,,,
910,9608,1152,,,,,,,
942,7569,1149,,,,,,,
903VP1,9106,1138,,,,,,,
900,8119,1135,,,,,,,
939,7541,1134,,,,,,,
942,7540,1130,,,,,,,
940,7144,1118,,,,,,,
900,8120,1112,,,,,,,
927,7112,1109,,,,,,,
930,8651,1109,,,,,,,
940,8634,1109,,,,,,,
949,6601,1108,,,,,,,
904,8608,1107,,,,,,,
902,7283,1104,,,,,,,
927,8424,1104,,,,,,,
931,8635,1102,,,,,,,
939,7146,1097,,,,,,,
939DV1,7105,1097,,,,,,,
900,8114,1096,,,,,,,
900,8152,1094,,,,,,,
938,8136,1092,,,,,,,
907,7238,1091,,,,,,,
908,8123,1086,,,,,,,
909,6612,1080,,,,,,,
909,8667,1078,,,,,,,
921,9609,1072,,,,,,,
949,8656,1064,,,,,,,
954,6603,1062,,,,,,,
942,7162,1060,,,,,,,
925,7212,1058,,,,,,,
942,7557,1054,,,,,,,
938,8119,1051,,,,,,,
942,8133,1048,,,,,,,
931,7542,1044,,,,,,,
938,8125,1043,,,,,,,
910,9607,1038,,,,,,,
910,9604,1036,,,,,,,
906,8116,1035,,,,,,,
906,8112,1032,,,,,,,
900,8107,1029,,,,,,,
911,7151,1028,,,,,,,
934EX1,8424,1027,,,,,,,
939,8643,1023,,,,,,,
908,7518,1022,,,,,,,
908,7558,1021,,,,,,,
938,8116,1018,,,,,,,
921,9606,1017,,,,,,,
933,7543,1014,,,,,,,
930,8600,1012,,,,,,,
934,7278,1006,,,,,,,
934EX1,7112,1006,,,,,,,
917,8107,1005,,,,,,,
905EX1,9500,1002,,,,,,,
940,7113,999,,,,,,,
900,7572,998,,,,,,,
907,8124,997,,,,,,,
934EX1,7140,997,,,,,,,
933,7582,995,,,,,,,
918,8120,988,,,,,,,
900,7402,987,,,,,,,
915,7410,987,,,,,,,
947,7521,983,,,,,,,
930,8659,979,,,,,,,
942,7522,978,,,,,,,
905,7167,971,,,,,,,
905,8618,971,,,,,,,
942,8166,967,,,,,,,
943,8628,965,,,,,,,
931,7543,959,,,,,,,
942,7208,954,,,,,,,
907,8122,953,,,,,,,
900,7409,951,,,,,,,
925,7238,947,,,,,,,
948,7309,947,,,,,,,
934,7243,942,,,,,,,
911,7107,938,,,,,,,
906,8156,937,,,,,,,
940,8413,936,,,,,,,
901,7413,928,,,,,,,
915,7515,928,,,,,,,
936,8111,925,,,,,,,
952,7510,921,,,,,,,
943,8646,919,,,,,,,
912,7112,915,,,,,,,
931,8415,915,,,,,,,
925,8115,913,,,,,,,
936,8141,913,,,,,,,
918,8118,912,,,,,,,
955,9500,908,,,,,,,
908,8143,905,,,,,,,
917,8153,902,,,,,,,
948,8605,900,,,,,,,
909,6611,898,,,,,,,
931,7246,898,,,,,,,
942,8132,896,,,,,,,
940,8635,894,,,,,,,
903VP1,9104,892,,,,,,,
937,8625,891,,,,,,,
947,7556,889,,,,,,,
938,8126,887,,,,,,,
937,8209,878,,,,,,,
900,7521,877,,,,,,,
912BI1,7138,877,,,,,,,
902,7511,873,,,,,,,
900,7229,868,,,,,,,
934,7270,866,,,,,,,
931,7196,863,,,,,,,
942,8170,863,,,,,,,
925,8143,862,,,,,,,
936,7418,860,,,,,,,
910,9620,859,,,,,,,
934,7269,859,,,,,,,
938,8145,858,,,,,,,
921,9608,857,,,,,,,
949,6611,856,,,,,,,
934EX1,7314,855,,,,,,,
942,7550,855,,,,,,,
942,8142,853,,,,,,,
940,7268,850,,,,,,,
949DV1,6610,850,,,,,,,
902,7513,847,,,,,,,
906,8152,847,,,,,,,
900,7234,844,,,,,,,
925,7287,844,,,,,,,
917,8112,843,,,,,,,
925,8112,843,,,,,,,
949,8650,842,,,,,,,
927,7119,840,,,,,,,
900,8122,839,,,,,,,
901,7518,839,,,,,,,
947,8403,838,,,,,,,
910,9610,836,,,,,,,
905,9503,832,,,,,,,
931,7122,832,,,,,,,
945,7274,832,,,,,,,
918,8203,829,,,,,,,
931,7116,829,,,,,,,
901,7206,828,,,,,,,
908,7568,828,,,,,,,
917,8113,827,,,,,,,
928,8633,827,,,,,,,
900,8653,826,,,,,,,
905,7246,825,,,,,,,
942,7554,825,,,,,,,
904,7249,822,,,,,,,
905,8617,822,,,,,,,
940,8603,821,,,,,,,
904,7306,820,,,,,,,
938,8110,820,,,,,,,
900,7511,818,,,,,,,
908,8151,818,,,,,,,
936,8115,818,,,,,,,
907,7294,814,,,,,,,
915,8112,814,,,,,,,
904,8641,813,,,,,,,
931,8644,811,,,,,,,
940,7300,811,,,,,,,
909,6608,806,,,,,,,
936,7565,806,,,,,,,
940,8207,806,,,,,,,
930EX1,8655,804,,,,,,,
901,7574,803,,,,,,,
940,8639,802,,,,,,,
904,8645,801,,,,,,,
913,7249,801,,,,,,,
927,7116,798,,,,,,,
938,8121,798,,,,,,,
913,7262,797,,,,,,,
903VP1,9107,794,,,,,,,
941,7543,794,,,,,,,
904,7261,793,,,,,,,
900,7212,792,,,,,,,
931,7144,791,,,,,,,
901,8111,790,,,,,,,
952,7509,790,,,,,,,
942,8131,789,,,,,,,
943,8424,787,,,,,,,
902,7297,785,,,,,,,
907,7212,783,,,,,,,
938,8209,782,,,,,,,
949,6608,782,,,,,,,
927,8434,780,,,,,,,
900,8659,776,,,,,,,
927,7146,776,,,,,,,
902,7409,774,,,,,,,
930,8661,774,,,,,,,
943,8644,774,,,,,,,
901BI1,7417,773,,,,,,,
900,8666,771,,,,,,,
939,8607,765,,,,,,,
942,7502,765,,,,,,,
945,8213,764,,,,,,,
918,7234,762,,,,,,,
913,7304,761,,,,,,,
904,7542,760,,,,,,,
934EX1,8629,757,,,,,,,
936,7234,757,,,,,,,
948,7542,756,,,,,,,
900,7555,755,,,,,,,
903VP1,9108,754,,,,,,,
949,6603,754,,,,,,,
918,7157,752,,,,,,,
948,7134,752,,,,,,,
901,8170,748,,,,,,,
900,8115,746,,,,,,,
909,6600,746,,,,,,,
937,7272,746,,,,,,,
942,7528,745,,,,,,,
902,7562,744,,,,,,,
904,8633,743,,,,,,,
938,7518,743,,,,,,,
952,7233,741,,,,,,,
903VP1,9105,740,,,,,,,
913,8646,740,,,,,,,
900,7417,739,,,,,,,
947VP1,7560,739,,,,,,,
921,9602,738,,,,,,,
927,8635,737,,,,,,,
928,8630,737,,,,,,,
901,8116,736,,,,,,,
900,7528,734,,,,,,,
901,8126,733,,,,,,,
937,8605,732,,,,,,,
937DV1,8613,731,,,,,,,
942,8155,730,,,,,,,
915,7160,728,,,,,,,
934EX1,7126,725,,,,,,,
943,7109,724,,,,,,,
934,7116,723,,,,,,,
948,7106,723,,,,,,,
911,7117,722,,,,,,,
942,8156,722,,,,,,,
912,7146,716,,,,,,,
949DV1,6600,714,,,,,,,
909,6610,712,,,,,,,
939,8635,709,,,,,,,
933,7271,708,,,,,,,
900,7510,706,,,,,,,
904,7152,705,,,,,,,
917,8111,704,,,,,,,
943,7304,704,,,,,,,
914,8625,702,,,,,,,
942,7316,702,,,,,,,
901,7522,701,,,,,,,
931,7149,701,,,,,,,
943,7313,701,,,,,,,
938,8106,700,,,,,,,
934EX1,7144,699,,,,,,,
901,7513,698,,,,,,,
934EX1,8418,698,,,,,,,
934,7197,696,,,,,,,
954,6604,696,,,,,,,
939DV1,7108,695,,,,,,,
901,7208,693,,,,,,,
904,8604,692,,,,,,,
918,7156,692,,,,,,,
937,7254,691,,,,,,,
936,8170,690,,,,,,,
936,8209,690,,,,,,,
942,7418,689,,,,,,,
902,7201,688,,,,,,,
912,7125,688,,,,,,,
937,8635,688,,,,,,,
900,7283,686,,,,,,,
901,8155,685,,,,,,,
934,7109,684,,,,,,,
928,8643,681,,,,,,,
903VP1,9101,678,,,,,,,
905,7543,677,,,,,,,
937,8641,676,,,,,,,
915,8409,675,,,,,,,
911,7125,673,,,,,,,
939,8603,673,,,,,,,
927,7104,672,,,,,,,
912,7137,670,,,,,,,
931,7106,669,,,,,,,
942,8127,669,,,,,,,
904,8213,665,,,,,,,
900,7547,662,,,,,,,
942,8203,662,,,,,,,
943BI1,7149,662,,,,,,,
948,8617,662,,,,,,,
900,7235,661,,,,,,,
908,7417,658,,,,,,,
915,7417,658,,,,,,,
937,8622,658,,,,,,,
930,8649,657,,,,,,,
942,7571,657,,,,,,,
900,8601,652,,,,,,,
912BI1,7111,652,,,,,,,
900,7237,651,,,,,,,
902,8151,651,,,,,,,
908,7233,650,,,,,,,
912,8412,650,,,,,,,
927,7313,650,,,,,,,
928,7543,649,,,,,,,
947VP1,8651,649,,,,,,,
907,7201,648,,,,,,,
903VP1,9110,646,,,,,,,
934EX1,8631,643,,,,,,,
919,8137,642,,,,,,,
930,8652,640,,,,,,,
900,8129,638,,,,,,,
901,7505,638,,,,,,,
931,8646,638,,,,,,,
931,8608,637,,,,,,,
901,7562,636,,,,,,,
942,8118,636,,,,,,,
901,8129,634,,,,,,,
948DV1,7145,632,,,,,,,
933,7249,630,,,,,,,
942,8151,629,,,,,,,
942,8111,628,,,,,,,
901,7295,627,,,,,,,
915,7200,627,,,,,,,
900,7524,625,,,,,,,
933,8627,625,,,,,,,
939,7129,623,,,,,,,
906,8115,622,,,,,,,
952,7410,622,,,,,,,
947,8165,621,,,,,,,
942,7568,620,,,,,,,
947,7400,620,,,,,,,
901,7549,619,,,,,,,
927,7140,619,,,,,,,
904,7255,615,,,,,,,
941,7300,615,,,,,,,
907,7402,614,,,,,,,
908,7503,612,,,,,,,
947,7405,611,,,,,,,
930EX1,6603,610,,,,,,,
901,7514,609,,,,,,,
905EX1,8621,609,,,,,,,
912BI1,8432,609,,,,,,,
930,8667,609,,,,,,,
931,7302,609,,,,,,,
943,7131,609,,,,,,,
904,8616,608,,,,,,,
933,7258,608,,,,,,,
902,7202,607,,,,,,,
919,7156,607,,,,,,,
939,8633,607,,,,,,,
928,7256,605,,,,,,,
934EX1,7276,605,,,,,,,
942,7548,605,,,,,,,
909,8649,604,,,,,,,
930EX1,6606,604,,,,,,,
902,7521,603,,,,,,,
934EX1,7172,603,,,,,,,
934EX1,7543,602,,,,,,,
910,9602,599,,,,,,,
931,8645,599,,,,,,,
900,8648,597,,,,,,,
907,7563,597,,,,,,,
908,8116,596,,,,,,,
913,7240,595,,,,,,,
942VP1,8167,595,,,,,,,
904,8635,593,,,,,,,
949,8600,593,,,,,,,
931,8634,592,,,,,,,
934EX1,7241,591,,,,,,,
942,8113,591,,,,,,,
933,7265,590,,,,,,,
901,8119,589,,,,,,,
908,8119,589,,,,,,,
931,7115,588,,,,,,,
942,7558,588,,,,,,,
955,9505,588,,,,,,,
908,8126,587,,,,,,,
918,7557,587,,,,,,,
908,7409,586,,,,,,,
927,8604,585,,,,,,,
943,7271,583,,,,,,,
904,7585,582,,,,,,,
934,7114,582,,,,,,,
900,7415,581,,,,,,,
927,7262,581,,,,,,,
909,8662,580,,,,,,,
934EX1,8605,580,,,,,,,
931,8628,579,,,,,,,
912,7134,578,,,,,,,
915,7418,578,,,,,,,
941,7262,578,,,,,,,
900,7516,577,,,,,,,
900,7548,577,,,,,,,
902,7418,577,,,,,,,
927,7118,576,,,,,,,
933,7272,575,,,,,,,
934,7275,574,,,,,,,
948,8622,572,,,,,,,
911,8417,571,,,,,,,
919,8145,570,,,,,,,
941,8602,570,,,,,,,
948,7129,569,,,,,,,
906,8157,568,,,,,,,
943,7268,568,,,,,,,
943,8602,568,,,,,,,
934,7272,567,,,,,,,
940,7118,566,,,,,,,
904,7276,565,,,,,,,
907,8115,565,,,,,,,
931,7544,565,,,,,,,
908,8125,564,,,,,,,
948,7112,564,,,,,,,
940,8644,562,,,,,,,
947,7516,562,,,,,,,
942VP1,7550,560,,,,,,,
921,9613,557,,,,,,,
908,8153,556,,,,,,,
939,8439,556,,,,,,,
940,8612,556,,,,,,,
947,8156,556,,,,,,,
902,7233,555,,,,,,,
919,8143,555,,,,,,,
903VP1,9103,554,,,,,,,
931,7582,554,,,,,,,
900,8171,553,,,,,,,
906,8107,553,,,,,,,
942,7561,553,,,,,,,
918,7560,552,,,,,,,
940,8418,552,,,,,,,
943,7249,552,,,,,,,
906,8111,551,,,,,,,
939,7257,551,,,,,,,
952,7514,551,,,,,,,
906,7229,550,,,,,,,
948,8210,549,,,,,,,
901,7564,548,,,,,,,
907,8106,547,,,,,,,
942,8165,547,,,,,,,
940,7255,546,,,,,,,
904,8210,545,,,,,,,
934,8438,545,,,,,,,
928,7262,544,,,,,,,
900,8652,543,,,,,,,
939,7140,543,,,,,,,
939DV1,8414,543,,,,,,,
902,8113,541,,,,,,,
900,7563,540,,,,,,,
901BI1,7521,540,,,,,,,
943BI1,7309,540,,,,,,,
948,8420,540,,,,,,,
932,8417,539,,,,,,,
939,7114,538,,,,,,,
915,7521,537,,,,,,,
939,7265,536,,,,,,,
900,7526,535,,,,,,,
901,8165,535,,,,,,,
901BI1,7501,535,,,,,,,
907,7228,535,,,,,,,
912,7108,535,,,,,,,
912,7254,534,,,,,,,
939,8609,534,,,,,,,
912BI1,7269,533,,,,,,,
928,8213,533,,,,,,,
934EX1,7114,533,,,,,,,
900,8655,529,,,,,,,
905,8622,529,,,,,,,
901,7571,526,,,,,,,
915,7558,526,,,,,,,
930EX1,6610,526,,,,,,,
939,7102,526,,,,,,,
939,7276,526,,,,,,,
908,7536,525,,,,,,,
901,7515,524,,,,,,,
932,7150,524,,,,,,,
931,7241,523,,,,,,,
902,7417,522,,,,,,,
944,8003,522,,,,,,,
948,8612,522,,,,,,,
900,7233,520,,,,,,,
902,7289,519,,,,,,,
912,7141,519,,,,,,,
934,8418,519,,,,,,,
948,7172,519,,,,,,,
908,7552,517,,,,,,,
919,8400,517,,,,,,,
955,8622,517,,,,,,,
939,8424,515,,,,,,,
915,8154,513,,,,,,,
917,8114,512,,,,,,,
941,8605,512,,,,,,,
902,7405,510,,,,,,,
907,8134,510,,,,,,,
919,8155,510,,,,,,,
925,7407,510,,,,,,,
931,7307,510,,,,,,,
940,7265,510,,,,,,,
942VP1,8162,509,,,,,,,
902,7208,508,,,,,,,
931,7123,508,,,,,,,
933,7245,508,,,,,,,
931,7131,507,,,,,,,
942,8138,507,,,,,,,
931,7150,505,,,,,,,
943,8439,505,,,,,,,
943BI1,7137,505,,,,,,,
948,8627,504,,,,,,,
927,7123,502,,,,,,,
942,7573,502,,,,,,,
917,8155,500,,,,,,,
952,7160,500,,,,,,,
900,8145,498,,,,,,,
908,8110,497,,,,,,,
908,8121,497,,,,,,,
911,7121,497,,,,,,,
949,8649,496,,,,,,,
919,8107,495,,,,,,,
931,8622,495,,,,,,,
937DV1,7586,495,,,,,,,
909,6602,494,,,,,,,
927,7269,494,,,,,,,
918,7516,493,,,,,,,
943,7152,493,,,,,,,
900,7536,491,,,,,,,
931,8413,491,,,,,,,
943,8638,491,,,,,,,
937DV1,8634,490,,,,,,,
919,8169,489,,,,,,,
934EX1,7110,489,,,,,,,
941,8624,489,,,,,,,
925,8138,488,,,,,,,
938,7527,488,,,,,,,
939,7130,488,,,,,,,
900,8667,486,,,,,,,
917,8124,486,,,,,,,
938,8133,486,,,,,,,
940,8636,486,,,,,,,
949,6609,486,,,,,,,
925,8142,485,,,,,,,
932,8424,485,,,,,,,
918,7571,484,,,,,,,
934EX1,7107,484,,,,,,,
939,8423,481,,,,,,,
906,7574,480,,,,,,,
936,8156,480,,,,,,,
954,6606,480,,,,,,,
906,8125,479,,,,,,,
942,8129,479,,,,,,,
919,8144,478,,,,,,,
933,7266,478,,,,,,,
934EX1,7311,478,,,,,,,
900,8118,477,,,,,,,
915,7522,477,,,,,,,
919,7521,477,,,,,,,
943,7112,477,,,,,,,
902,7411,476,,,,,,,
902,8132,476,,,,,,,
906,8146,476,,,,,,,
949DV1,6601,474,,,,,,,
900,7509,473,,,,,,,
918,8124,473,,,,,,,
934EX1,7302,473,,,,,,,
942,8152,473,,,,,,,
934EX1,8639,472,,,,,,,
947,7571,472,,,,,,,
950,7269,472,,,,,,,
934,7541,471,,,,,,,
934EX1,7301,471,,,,,,,
939,7543,471,,,,,,,
900,8664,470,,,,,,,
912,7274,469,,,,,,,
918,8115,469,,,,,,,
940,7246,469,,,,,,,
943,7270,468,,,,,,,
917,8145,467,,,,,,,
918,7279,467,,,,,,,
908,7550,466,,,,,,,
942,8106,466,,,,,,,
907,7229,465,,,,,,,
938,7522,465,,,,,,,
942,7201,465,,,,,,,
906,8153,464,,,,,,,
912,7147,463,,,,,,,
928,7278,463,,,,,,,
906,8165,462,,,,,,,
914,7265,462,,,,,,,
928,8622,462,,,,,,,
908,7526,461,,,,,,,
939,7150,460,,,,,,,
915,7506,459,,,,,,,
934EX1,7278,459,,,,,,,
912,7115,458,,,,,,,
915,7229,458,,,,,,,
921,9615,458,,,,,,,
954,6612,458,,,,,,,
901,8143,457,,,,,,,
918,8110,457,,,,,,,
901BI1,8652,455,,,,,,,
939,8438,454,,,,,,,
943BI1,7266,454,,,,,,,
939,8434,453,,,,,,,
902,7563,451,,,,,,,
905,8616,451,,,,,,,
940,8208,451,,,,,,,
948,8645,451,,,,,,,
901,7559,448,,,,,,,
918,8649,448,,,,,,,
939,8622,448,,,,,,,
931,8603,447,,,,,,,
938,8156,447,,,,,,,
940,8422,447,,,,,,,
939,7144,446,,,,,,,
939,7312,446,,,,,,,
900,7280,445,,,,,,,
909,8668,445,,,,,,,
918,7236,444,,,,,,,
904,7251,443,,,,,,,
912BI1,8429,443,,,,,,,
939,8616,443,,,,,,,
943,7133,443,,,,,,,
955,9506,443,,,,,,,
901,8127,442,,,,,,,
931,8412,442,,,,,,,
900,7296,441,,,,,,,
940,7134,441,,,,,,,
915,7503,440,,,,,,,
918,8653,440,,,,,,,
931,8647,440,,,,,,,
938,8652,440,,,,,,,
918,8143,439,,,,,,,
925,8154,439,,,,,,,
921,9605,438,,,,,,,
915,7201,437,,,,,,,
915,7562,436,,,,,,,
947,7565,436,,,,,,,
925,7400,435,,,,,,,
906,8136,434,,,,,,,
912,8418,434,,,,,,,
936,8146,434,,,,,,,
900,8147,433,,,,,,,
934,7110,433,,,,,,,
933DV1,7254,432,,,,,,,
939,7269,432,,,,,,,
942VP1,7569,432,,,,,,,
936,8110,431,,,,,,,
941,8627,431,,,,,,,
934EX1,8645,430,,,,,,,
952,8409,430,,,,,,,
901BI1,7405,428,,,,,,,
906,8110,428,,,,,,,
908,7290,428,,,,,,,
941,7313,427,,,,,,,
900,8123,426,,,,,,,
931,7118,426,,,,,,,
941,8603,424,,,,,,,
901,7285,423,,,,,,,
905EX1,9509,423,,,,,,,
932,8622,423,,,,,,,
940,8423,423,,,,,,,
906,7212,422,,,,,,,
931,7272,422,,,,,,,
919,8141,420,,,,,,,
938,8107,420,,,,,,,
949,6602,420,,,,,,,
949DV1,6604,420,,,,,,,
902,7234,419,,,,,,,
921,9603,419,,,,,,,
934EX1,8428,419,,,,,,,
918,8152,418,,,,,,,
934EX1,7274,418,,,,,,,
936,8133,418,,,,,,,
934EX1,7259,417,,,,,,,
901,8125,416,,,,,,,
934,7274,416,,,,,,,
943,7145,416,,,,,,,
900,7419,415,,,,,,,
942,7513,414,,,,,,,
954,6602,414,,,,,,,
904,8427,413,,,,,,,
936,8137,413,,,,,,,
938,7552,413,,,,,,,
938,8165,412,,,,,,,
901,7524,411,,,,,,,
919,8113,410,,,,,,,
900,7564,409,,,,,,,
901,7503,409,,,,,,,
918,8655,409,,,,,,,
901BI1,8664,408,,,,,,,
904,7167,408,,,,,,,
907,7411,408,,,,,,,
931,7121,408,,,,,,,
901,8123,407,,,,,,,
912,7306,407,,,,,,,
925,8124,407,,,,,,,
934,8605,407,,,,,,,
936,8116,406,,,,,,,
936,8165,406,,,,,,,
939,7309,406,,,,,,,
947,8107,406,,,,,,,
904,7265,405,,,,,,,
919,8139,405,,,,,,,
948,8614,405,,,,,,,
901,7563,404,,,,,,,
901,7572,404,,,,,,,
915,7524,404,,,,,,,
921,9610,404,,,,,,,
931,7312,404,,,,,,,
909,8659,403,,,,,,,
931,8428,403,,,,,,,
921,9607,402,,,,,,,
934,8412,402,,,,,,,
900,7289,401,,,,,,,
917,8110,401,,,,,,,
942,7549,401,,,,,,,
904,8609,400,,,,,,,
954,6600,400,,,,,,,
908,8656,399,,,,,,,
907,8114,398,,,,,,,
908,8122,398,,,,,,,
915,7534,396,,,,,,,
939,8412,396,,,,,,,
915,7516,395,,,,,,,
901BI1,8661,394,,,,,,,
904,7247,394,,,,,,,
931,8636,394,,,,,,,
943,8631,393,,,,,,,
900,8658,392,,,,,,,
906,7207,392,,,,,,,
915,8129,391,,,,,,,
931,8423,391,,,,,,,
940,8645,390,,,,,,,
942VP1,7558,390,,,,,,,
947,8151,390,,,,,,,
908,7534,389,,,,,,,
912,8616,389,,,,,,,
925,8407,389,,,,,,,
948,8633,389,,,,,,,
900,8649,388,,,,,,,
932,7137,388,,,,,,,
934,7544,388,,,,,,,
900,8166,387,,,,,,,
917,8120,387,,,,,,,
919,7540,387,,,,,,,
931,8416,387,,,,,,,
941,7248,387,,,,,,,
912,7300,386,,,,,,,
931,8210,386,,,,,,,
936,8125,386,,,,,,,
943,8413,386,,,,,,,
942VP1,8405,385,,,,,,,
925,7417,384,,,,,,,
947,7266,384,,,,,,,
915,7404,383,,,,,,,
941,8643,383,,,,,,,
902,7296,382,,,,,,,
904,7107,382,,,,,,,
933,7267,382,,,,,,,
921,9611,381,,,,,,,
908,8114,379,,,,,,,
912,7253,378,,,,,,,
933DV1,7240,378,,,,,,,
908,7547,377,,,,,,,
932,8638,377,,,,,,,
900,7560,376,,,,,,,
925,8126,376,,,,,,,
900,7292,375,,,,,,,
918,8132,374,,,,,,,
925,8135,374,,,,,,,
931,8436,374,,,,,,,
941,8628,374,,,,,,,
900,7551,373,,,,,,,
917,7528,372,,,,,,,
940,7248,372,,,,,,,
908,7400,371,,,,,,,
932,8419,371,,,,,,,
938,8137,371,,,,,,,
942,7269,370,,,,,,,
914,7246,369,,,,,,,
912DV1,7135,368,,,,,,,
934EX1,7306,368,,,,,,,
900,7561,367,,,,,,,
901BI1,8601,367,,,,,,,
919,7565,367,,,,,,,
927,8603,367,,,,,,,
934EX1,7257,367,,,,,,,
900,8142,366,,,,,,,
912,7241,366,,,,,,,
904,7111,365,,,,,,,
940,7305,364,,,,,,,
936,7522,363,,,,,,,
921,9624,362,,,,,,,
931,7127,362,,,,,,,
931,8435,362,,,,,,,
941,7253,362,,,,,,,
943BI1,8418,362,,,,,,,
915,8126,361,,,,,,,
936,8106,361,,,,,,,
942VP1,7566,361,,,,,,,
942,7572,360,,,,,,,
949,8601,360,,,,,,,
900,8113,359,,,,,,,
904,8206,359,,,,,,,
900,8661,358,,,,,,,
908,7513,358,,,,,,,
918,7558,358,,,,,,,
938,8118,358,,,,,,,
904,7113,357,,,,,,,
908,8652,357,,,,,,,
936,7569,357,,,,,,,
943,7582,357,,,,,,,
911,8608,356,,,,,,,
942,8410,356,,,,,,,
948,7308,355,,,,,,,
912,7126,354,,,,,,,
921,9620,353,,,,,,,
934,7582,353,,,,,,,
936,7229,353,,,,,,,
945,8210,353,,,,,,,
915,7528,352,,,,,,,
918,8119,352,,,,,,,
927,8610,352,,,,,,,
941,8213,352,,,,,,,
919,7234,350,,,,,,,
938,8131,350,,,,,,,
942VP1,8147,350,,,,,,,
901,7296,349,,,,,,,
906,7571,349,,,,,,,
906,8170,349,,,,,,,
909,8664,349,,,,,,,
912BI1,7127,349,,,,,,,
934EX1,8607,349,,,,,,,
915,7551,348,,,,,,,
919,8167,348,,,,,,,
934EX1,7146,348,,,,,,,
937,8208,348,,,,,,,
944,9111,348,,,,,,,
927,8605,345,,,,,,,
908,7560,344,,,,,,,
939DV1,8628,344,,,,,,,
911,8634,342,,,,,,,
912BI1,7145,342,,,,,,,
931,7140,342,,,,,,,
938,8173,342,,,,,,,
943,7125,342,,,,,,,
947,8411,341,,,,,,,
952,8154,341,,,,,,,
902,8119,340,,,,,,,
955,9504,340,,,,,,,
912BI1,7121,339,,,,,,,
917,8131,339,,,,,,,
952,8115,339,,,,,,,
907,7417,336,,,,,,,
909,8665,336,,,,,,,
917,7202,336,,,,,,,
938,8170,336,,,,,,,
942,8120,336,,,,,,,
947,8652,336,,,,,,,
948,7128,336,,,,,,,
915,7287,335,,,,,,,
919,7419,335,,,,,,,
947VP1,7507,335,,,,,,,
900,7556,334,,,,,,,
906,8114,333,,,,,,,
900,7514,332,,,,,,,
904,7302,332,,,,,,,
906,8123,332,,,,,,,
942VP1,8128,332,,,,,,,
905,7304,331,,,,,,,
914,7244,331,,,,,,,
919,7229,331,,,,,,,
941,7257,331,,,,,,,
904,7239,330,,,,,,,
912BI1,7109,330,,,,,,,
904,7134,329,,,,,,,
906,8135,329,,,,,,,
910,9609,329,,,,,,,
945,8212,329,,,,,,,
918,8137,328,,,,,,,
934EX1,7265,328,,,,,,,
937,8604,328,,,,,,,
942,8123,327,,,,,,,
900,7401,326,,,,,,,
904,7268,326,,,,,,,
904,7270,326,,,,,,,
932,7118,326,,,,,,,
933,7253,325,,,,,,,
936,7297,325,,,,,,,
937,7276,325,,,,,,,
900,8137,324,,,,,,,
904,7115,324,,,,,,,
937,8644,324,,,,,,,
915,7405,323,,,,,,,
921,9619,323,,,,,,,
947,8114,323,,,,,,,
952,7200,323,,,,,,,
900,7416,322,,,,,,,
918,8121,322,,,,,,,
925,8152,322,,,,,,,
931,8207,322,,,,,,,
932,8213,322,,,,,,,
947,7510,321,,,,,,,
948,7136,321,,,,,,,
908,7500,319,,,,,,,
937,8633,319,,,,,,,
943,8641,319,,,,,,,
912,8417,318,,,,,,,
917,8136,318,,,,,,,
901,7236,317,,,,,,,
914,8629,317,,,,,,,
912BI1,7143,315,,,,,,,
900,7210,314,,,,,,,
942VP1,8400,314,,,,,,,
904,7586,313,,,,,,,
905,8612,313,,,,,,,
942,7529,313,,,,,,,
942VP1,8146,313,,,,,,,
952,7566,313,,,,,,,
922,9618,312,,,,,,,
905EX1,9511,311,,,,,,,
908,7294,311,,,,,,,
912,8414,311,,,,,,,
925,8157,310,,,,,,,
927,7239,310,,,,,,,
932DV1,7127,310,,,,,,,
934,8617,310,,,,,,,
904,8617,309,,,,,,,
902,8127,308,,,,,,,
915,7563,308,,,,,,,
932DV1,7100,308,,,,,,,
900,7512,307,,,,,,,
904,7266,307,,,,,,,
942VP1,7238,307,,,,,,,
905,8643,306,,,,,,,
918,8151,306,,,,,,,
937,8603,306,,,,,,,
942VP1,7503,306,,,,,,,
901BI1,7572,305,,,,,,,
906,8169,305,,,,,,,
918,7556,305,,,,,,,
915,7554,304,,,,,,,
925,7547,304,,,,,,,
942VP1,7562,304,,,,,,,
945,8603,304,,,,,,,
900,7570,302,,,,,,,
900,8156,301,,,,,,,
927,7544,301,,,,,,,
932,7119,301,,,,,,,
912,7127,300,,,,,,,
915,7212,300,,,,,,,
925,8121,300,,,,,,,
901BI1,7418,299,,,,,,,
907,8126,299,,,,,,,
912,7106,299,,,,,,,
927,7106,299,,,,,,,
927,7126,299,,,,,,,
906,8134,298,,,,,,,
912,7276,298,,,,,,,
934,7153,298,,,,,,,
900,7285,297,,,,,,,
900,8136,297,,,,,,,
921,9622,297,,,,,,,
938,8134,297,,,,,,,
906,8138,296,,,,,,,
907,8107,296,,,,,,,
918,7565,296,,,,,,,
934EX1,7267,296,,,,,,,
906,8166,295,,,,,,,
927,7266,295,,,,,,,
936,8154,295,,,,,,,
900,7405,294,,,,,,,
900,7517,294,,,,,,,
932,7271,294,,,,,,,
947,7573,293,,,,,,,
948,8620,293,,,,,,,
911,8433,292,,,,,,,
937,7270,292,,,,,,,
938,8111,292,,,,,,,
904,7241,291,,,,,,,
942,7160,291,,,,,,,
950,7249,291,,,,,,,
901,8134,290,,,,,,,
917,8150,290,,,,,,,
934EX1,8434,290,,,,,,,
948,8423,290,,,,,,,
910,9606,289,,,,,,,
912,8609,289,,,,,,,
913,7272,289,,,,,,,
917,8142,289,,,,,,,
936,7202,289,,,,,,,
942,7534,289,,,,,,,
908,7505,288,,,,,,,
952,7503,288,,,,,,,
954,6605,288,,,,,,,
932,7135,287,,,,,,,
947,7206,287,,,,,,,
952,7568,287,,,,,,,
927,7243,286,,,,,,,
938,7236,286,,,,,,,
915,8127,285,,,,,,,
931,7114,285,,,,,,,
932,8210,285,,,,,,,
900,8165,284,,,,,,,
908,7527,284,,,,,,,
942,8614,284,,,,,,,
948,7133,284,,,,,,,
912,7143,283,,,,,,,
947,7518,283,,,,,,,
927,8615,282,,,,,,,
907,8133,281,,,,,,,
912,7259,280,,,,,,,
931,8602,280,,,,,,,
906,8143,279,,,,,,,
917,8116,279,,,,,,,
932,7584,279,,,,,,,
942,8409,279,,,,,,,
904,7118,278,,,,,,,
904,8620,278,,,,,,,
937DV1,8617,278,,,,,,,
945,8639,278,,,,,,,
915,8133,277,,,,,,,
933DV1,7251,277,,,,,,,
942,8654,277,,,,,,,
900,8135,276,,,,,,,
907,7413,276,,,,,,,
918,8165,276,,,,,,,
949DV1,8650,276,,,,,,,
915,8203,275,,,,,,,
932,8637,274,,,,,,,
912DV1,8417,273,,,,,,,
942VP1,7522,273,,,,,,,
936,8119,272,,,,,,,
915,8113,271,,,,,,,
941,8633,271,,,,,,,
930,7537,270,,,,,,,
931,8624,270,,,,,,,
943,8412,270,,,,,,,
918,7539,269,,,,,,,
901,8657,268,,,,,,,
942,7555,268,,,,,,,
907,8209,267,,,,,,,
913,7255,267,,,,,,,
908,8129,265,,,,,,,
921,9621,265,,,,,,,
904,8624,264,,,,,,,
919,7283,264,,,,,,,
934,8417,264,,,,,,,
943,8605,264,,,,,,,
947,7208,264,,,,,,,
936,7539,263,,,,,,,
943,8625,263,,,,,,,
909,6604,262,,,,,,,
931,8637,262,,,,,,,
937DV1,7276,262,,,,,,,
950,8614,262,,,,,,,
902,8133,261,,,,,,,
908,8162,261,,,,,,,
917,8138,261,,,,,,,
925,7512,261,,,,,,,
900,7287,260,,,,,,,
908,8131,260,,,,,,,
912,7145,260,,,,,,,
925,7200,258,,,,,,,
925,7209,258,,,,,,,
930,8656,258,,,,,,,
909,8648,257,,,,,,,
936,8138,257,,,,,,,
947,8409,257,,,,,,,
915,8659,256,,,,,,,
939,7262,256,,,,,,,
942VP1,7237,255,,,,,,,
932,7149,254,,,,,,,
915,7318,252,,,,,,,
919,7564,252,,,,,,,
936,7402,252,,,,,,,
938,8167,252,,,,,,,
939,7112,252,,,,,,,
900,7228,251,,,,,,,
934,8422,251,,,,,,,
950,7270,251,,,,,,,
904,8614,250,,,,,,,
925,7315,250,,,,,,,
914,7268,249,,,,,,,
915,7517,248,,,,,,,
927,8207,248,,,,,,,
918,7554,246,,,,,,,
925,7316,246,,,,,,,
934EX1,7118,246,,,,,,,
934EX1,7137,246,,,,,,,
947VP1,8403,246,,,,,,,
900,8125,245,,,,,,,
907,8170,245,,,,,,,
912BI1,7273,245,,,,,,,
939DV1,8425,245,,,,,,,
941,8636,245,,,,,,,
943,8414,245,,,,,,,
927,8417,244,,,,,,,
900,7533,243,,,,,,,
921,9614,243,,,,,,,
949,8651,243,,,,,,,
901BI1,7287,242,,,,,,,
919,8151,242,,,,,,,
942,8125,242,,,,,,,
931,8604,241,,,,,,,
934,8604,241,,,,,,,
943,7251,241,,,,,,,
945,7268,241,,,,,,,
900,7553,240,,,,,,,
901,8166,240,,,,,,,
927,7249,240,,,,,,,
948,8616,240,,,,,,,
912,7140,239,,,,,,,
915,7296,238,,,,,,,
901BI1,7529,237,,,,,,,
918,7285,237,,,,,,,
925,7288,237,,,,,,,
927,8438,236,,,,,,,
947,7201,236,,,,,,,
902,7540,235,,,,,,,
908,8660,235,,,,,,,
915,7556,235,,,,,,,
915,8107,234,,,,,,,
939,8630,234,,,,,,,
900,8144,233,,,,,,,
921,9612,233,,,,,,,
925,8113,233,,,,,,,
927,7255,232,,,,,,,
940,7269,232,,,,,,,
948,7109,232,,,,,,,
934,8636,231,,,,,,,
903VP1,8003,230,,,,,,,
936,8157,230,,,,,,,
900,7293,229,,,,,,,
901,8658,229,,,,,,,
915,7202,229,,,,,,,
900,8143,228,,,,,,,
909,8666,228,,,,,,,
930EX1,8601,228,,,,,,,
901,7284,227,,,,,,,
941,8635,227,,,,,,,
900,8112,226,,,,,,,
906,7407,226,,,,,,,
908,7404,226,,,,,,,
904,7126,224,,,,,,,
906,7279,224,,,,,,,
912,7273,224,,,,,,,
919,8110,224,,,,,,,
948,7127,224,,,,,,,
908,7279,223,,,,,,,
908,7292,223,,,,,,,
915,7411,223,,,,,,,
947VP1,7548,223,,,,,,,
904,8627,222,,,,,,,
915,7289,222,,,,,,,
925,8171,222,,,,,,,
947,7267,222,,,,,,,
901,7282,220,,,,,,,
913,8624,220,,,,,,,
915,7538,220,,,,,,,
925,8144,220,,,,,,,
928,7250,220,,,,,,,
947,7560,220,,,,,,,
902,7504,219,,,,,,,
915,8411,219,,,,,,,
943,8429,219,,,,,,,
931,7128,218,,,,,,,
942,8116,218,,,,,,,
947,7527,218,,,,,,,
918,7519,217,,,,,,,
922,9605,217,,,,,,,
934,7117,217,,,,,,,
915,8116,216,,,,,,,
934EX1,7101,216,,,,,,,
949DV1,6608,216,,,,,,,
900,7288,215,,,,,,,
900,8155,215,,,,,,,
900,8662,215,,,,,,,
915,7162,215,,,,,,,
915,7294,215,,,,,,,
936,8131,215,,,,,,,
952,7564,215,,,,,,,
952,8649,215,,,,,,,
907,8119,214,,,,,,,
925,8170,214,,,,,,,
939,8602,214,,,,,,,
942,7556,214,,,,,,,
945,7271,214,,,,,,,
915,7504,213,,,,,,,
927,7301,213,,,,,,,
901,8648,212,,,,,,,
904,8419,212,,,,,,,
911,7123,212,,,,,,,
925,7294,212,,,,,,,
943,7246,212,,,,,,,
949DV1,6602,212,,,,,,,
901BI1,7513,211,,,,,,,
908,8171,210,,,,,,,
901BI1,7410,209,,,,,,,
936,7296,209,,,,,,,
938,8114,209,,,,,,,
943,8428,209,,,,,,,
948,8642,209,,,,,,,
912,7243,208,,,,,,,
930DV1,8665,208,,,,,,,
937,8608,208,,,,,,,
945DV1,7302,208,,,,,,,
904,7584,207,,,,,,,
908,7510,207,,,,,,,
909,8653,207,,,,,,,
934EX1,8604,207,,,,,,,
952,7508,207,,,,,,,
942,7563,206,,,,,,,
949DV1,6603,206,,,,,,,
904,8431,205,,,,,,,
915,8170,205,,,,,,,
942,7249,205,,,,,,,
925,7202,204,,,,,,,
904,8422,203,,,,,,,
908,8106,203,,,,,,,
943,8205,203,,,,,,,
948DV1,7114,203,,,,,,,
939,7261,202,,,,,,,
900,8132,201,,,,,,,
904,7112,201,,,,,,,
939DV1,7132,201,,,,,,,
927,7153,200,,,,,,,
936,8121,200,,,,,,,
942,7417,200,,,,,,,
901,8110,199,,,,,,,
901,8156,199,,,,,,,
904,7271,199,,,,,,,
907,8128,199,,,,,,,
915,7560,199,,,,,,,
925,7562,199,,,,,,,
901,7291,198,,,,,,,
905,7273,198,,,,,,,
915,7208,198,,,,,,,
925,7162,198,,,,,,,
939,7118,198,,,,,,,
952,7162,198,,,,,,,
908,7569,197,,,,,,,
940,7271,197,,,,,,,
943,7129,197,,,,,,,
900,8126,196,,,,,,,
934,8645,196,,,,,,,
939,8430,196,,,,,,,
912,7272,195,,,,,,,
952,7556,195,,,,,,,
906,7234,194,,,,,,,
917,7546,194,,,,,,,
947VP1,7556,194,,,,,,,
954,6610,194,,,,,,,
906,7233,193,,,,,,,
932,7153,192,,,,,,,
942VP1,8406,192,,,,,,,
915,8156,191,,,,,,,
947,8402,191,,,,,,,
903,6614,190,,,,,,,
913,7271,190,,,,,,,
927,7310,190,,,,,,,
936,7538,190,,,,,,,
945,8613,190,,,,,,,
947,8111,190,,,,,,,
901BI1,8660,189,,,,,,,
915,8123,189,,,,,,,
915,8648,189,,,,,,,
925,8125,189,,,,,,,
925,8652,189,,,,,,,
936,7212,189,,,,,,,
900,8134,188,,,,,,,
904,7121,188,,,,,,,
908,8654,188,,,,,,,
918,7208,187,,,,,,,
931,7311,187,,,,,,,
939DV1,8435,187,,,,,,,
943,7262,187,,,,,,,
901,8146,186,,,,,,,
906,8141,186,,,,,,,
940,8630,186,,,,,,,
948DV1,8206,186,,,,,,,
927,8625,185,,,,,,,
931,8638,185,,,,,,,
900,8128,184,,,,,,,
908,7509,184,,,,,,,
900,7538,183,,,,,,,
902,7280,183,,,,,,,
918,8162,183,,,,,,,
921,9617,183,,,,,,,
901,7290,182,,,,,,,
908,8165,182,,,,,,,
915,8667,182,,,,,,,
918,8117,182,,,,,,,
934,8606,181,,,,,,,
952,8203,181,,,,,,,
901,8106,180,,,,,,,
949,6612,180,,,,,,,
911,7243,179,,,,,,,
911,8424,179,,,,,,,
938,8150,179,,,,,,,
942VP1,8402,179,,,,,,,
902,7229,178,,,,,,,
909,8660,178,,,,,,,
907,7291,177,,,,,,,
913,7239,177,,,,,,,
919,7562,177,,,,,,,
919,8409,177,,,,,,,
913,7250,176,,,,,,,
925,7296,176,,,,,,,
915,7288,175,,,,,,,
915,7566,174,,,,,,,
925,8136,174,,,,,,,
939DV1,8631,174,,,,,,,
949,7537,174,,,,,,,
952,8116,174,,,,,,,
912BI1,7253,173,,,,,,,
915,7203,173,,,,,,,
908,7203,172,,,,,,,
908,7407,172,,,,,,,
915,8122,172,,,,,,,
930,8654,172,,,,,,,
939,7314,172,,,,,,,
904,7543,171,,,,,,,
906,8119,171,,,,,,,
915,7159,171,,,,,,,
915,7316,171,,,,,,,
934,8627,171,,,,,,,
936,7208,171,,,,,,,
943,7261,171,,,,,,,
952,7418,171,,,,,,,
900,8169,170,,,,,,,
901,7517,170,,,,,,,
907,7412,170,,,,,,,
909,6601,170,,,,,,,
915,8115,170,,,,,,,
918,8134,170,,,,,,,
919,8411,170,,,,,,,
939DV1,7101,170,,,,,,,
940,8210,170,,,,,,,
942,7511,170,,,,,,,
949,8658,170,,,,,,,
915,7413,169,,,,,,,
922,9614,169,,,,,,,
934EX1,7136,169,,,,,,,
936,7284,169,,,,,,,
937DV1,7260,169,,,,,,,
952,7558,169,,,,,,,
912BI1,7107,168,,,,,,,
919,7200,168,,,,,,,
948,7305,168,,,,,,,
900,7508,167,,,,,,,
919,8117,167,,,,,,,
932,7117,167,,,,,,,
939DV1,8415,167,,,,,,,
901,8652,166,,,,,,,
904,7127,166,,,,,,,
915,7518,166,,,,,,,
942VP1,7315,166,,,,,,,
943,8206,166,,,,,,,
907,7419,165,,,,,,,
911,8616,165,,,,,,,
922,9616,165,,,,,,,
927,7247,165,,,,,,,
934EX1,7119,165,,,,,,,
900,7413,164,,,,,,,
901,7551,164,,,,,,,
902,7560,164,,,,,,,
915,8157,164,,,,,,,
919,8156,164,,,,,,,
944,9105,164,,,,,,,
900,7520,163,,,,,,,
901,7539,163,,,,,,,
925,7554,163,,,,,,,
936,8118,163,,,,,,,
945,7112,163,,,,,,,
925,7526,162,,,,,,,
908,8167,161,,,,,,,
912,7118,161,,,,,,,
941,8644,161,,,,,,,
901,7565,160,,,,,,,
901BI1,7561,160,,,,,,,
908,8127,160,,,,,,,
912,7150,160,,,,,,,
918,8169,160,,,,,,,
954,6601,160,,,,,,,
901,8661,159,,,,,,,
904,7304,159,,,,,,,
906,7524,159,,,,,,,
936,7406,159,,,,,,,
937,8617,159,,,,,,,
943,7255,159,,,,,,,
902,7505,158,,,,,,,
921,9616,158,,,,,,,
900,8146,157,,,,,,,
901,8664,157,,,,,,,
909,8601,157,,,,,,,
934EX1,7300,157,,,,,,,
936,8153,157,,,,,,,
936,8653,157,,,,,,,
900,7515,156,,,,,,,
900,8133,156,,,,,,,
901,7567,156,,,,,,,
912BI1,8634,156,,,,,,,
915,8655,156,,,,,,,
918,8156,155,,,,,,,
925,7514,155,,,,,,,
901,7566,154,,,,,,,
925,8401,154,,,,,,,
942,7204,154,,,,,,,
904,8432,153,,,,,,,
908,8124,153,,,,,,,
908,8648,153,,,,,,,
911,7241,153,,,,,,,
927,7076,153,,,,,,,
934,8622,153,,,,,,,
943BI1,8646,153,,,,,,,
901,7548,152,,,,,,,
901,7554,152,,,,,,,
904,7256,152,,,,,,,
911,7106,152,,,,,,,
912,7303,152,,,,,,,
918,7200,152,,,,,,,
919,8201,152,,,,,,,
927,7151,152,,,,,,,
942,8112,152,,,,,,,
952,7411,152,,,,,,,
900,8151,151,,,,,,,
915,7532,151,,,,,,,
925,7233,151,,,,,,,
942,8114,151,,,,,,,
904,8212,150,,,,,,,
904,8602,150,,,,,,,
937,8634,150,,,,,,,
908,7571,149,,,,,,,
915,7501,149,,,,,,,
915,7520,149,,,,,,,
918,8128,149,,,,,,,
925,7556,149,,,,,,,
936,7209,149,,,,,,,
942VP1,8171,149,,,,,,,
949DV1,8600,149,,,,,,,
900,8651,148,,,,,,,
901,7210,148,,,,,,,
901,7292,148,,,,,,,
901,7512,148,,,,,,,
904,7260,148,,,,,,,
919,7288,148,,,,,,,
952,7521,148,,,,,,,
908,8653,147,,,,,,,
915,7553,147,,,,,,,
925,7513,147,,,,,,,
947,8136,147,,,,,,,
952,8144,147,,,,,,,
908,8666,146,,,,,,,
912,8209,146,,,,,,,
912BI1,7115,146,,,,,,,
915,7291,146,,,,,,,
925,7401,146,,,,,,,
954,6608,146,,,,,,,
908,7565,145,,,,,,,
912,7246,145,,,,,,,
915,8601,145,,,,,,,
925,8162,145,,,,,,,
900,7513,144,,,,,,,
902,7503,144,,,,,,,
915,8120,144,,,,,,,
943,7114,144,,,,,,,
908,7532,143,,,,,,,
908,7563,143,,,,,,,
908,7570,143,,,,,,,
912,7114,143,,,,,,,
917,7234,143,,,,,,,
917,8656,143,,,,,,,
919,7554,143,,,,,,,
901,7509,142,,,,,,,
909,8661,142,,,,,,,
915,8143,142,,,,,,,
919,8157,142,,,,,,,
932,7141,142,,,,,,,
900,7295,141,,,,,,,
901,7550,141,,,,,,,
908,8667,141,,,,,,,
912,8615,141,,,,,,,
912BI1,7108,141,,,,,,,
942VP1,8407,141,,,,,,,
901,7402,140,,,,,,,
908,7559,140,,,,,,,
912,7102,140,,,,,,,
919,7290,140,,,,,,,
901,7570,139,,,,,,,
911DV1,7138,139,,,,,,,
912,7310,139,,,,,,,
940,7586,139,,,,,,,
942VP1,7563,139,,,,,,,
955,8620,139,,,,,,,
901,8667,138,,,,,,,
912,7269,138,,,,,,,
914,7267,138,,,,,,,
921VP1,9615,138,,,,,,,
927,8429,138,,,,,,,
934,8608,138,,,,,,,
936,8117,138,,,,,,,
925,8131,137,,,,,,,
940,8624,137,,,,,,,
912,7265,136,,,,,,,
925,8408,136,,,,,,,
925,8667,136,,,,,,,
934EX1,7243,136,,,,,,,
938,8166,136,,,,,,,
948,7126,136,,,,,,,
948,8424,136,,,,,,,
952,7520,136,,,,,,,
900,7530,135,,,,,,,
901,7201,135,,,,,,,
908,7514,135,,,,,,,
915,7408,135,,,,,,,
925,8156,135,,,,,,,
927,7542,135,,,,,,,
909,8654,134,,,,,,,
912BI1,7300,134,,,,,,,
915,7285,134,,,,,,,
915,7572,134,,,,,,,
939DV1,7270,134,,,,,,,
917,8106,133,,,,,,,
925,8123,133,,,,,,,
934,8427,133,,,,,,,
917,8118,132,,,,,,,
925,7538,132,,,,,,,
947,7418,132,,,,,,,
949,8666,132,,,,,,,
912,7585,131,,,,,,,
912BI1,7144,131,,,,,,,
915,7555,131,,,,,,,
922,9613,131,,,,,,,
925,8649,131,,,,,,,
927,7115,131,,,,,,,
936,7564,131,,,,,,,
950,7543,131,,,,,,,
907,7505,130,,,,,,,
915,7280,130,,,,,,,
930DV1,8668,130,,,,,,,
907,8117,129,,,,,,,
925,8129,129,,,,,,,
936,8139,129,,,,,,,
914,7270,128,,,,,,,
915,8124,128,,,,,,,
927,7108,128,,,,,,,
936,8147,128,,,,,,,
952,8411,128,,,,,,,
900,8150,127,,,,,,,
901,7553,127,,,,,,,
912,7076,127,,,,,,,
925,7561,127,,,,,,,
927,7114,127,,,,,,,
927,7261,127,,,,,,,
907,7519,126,,,,,,,
909,6606,126,,,,,,,
919,8202,125,,,,,,,
901,7400,124,,,,,,,
902,7285,124,,,,,,,
915,7540,124,,,,,,,
915,7548,124,,,,,,,
928,7306,124,,,,,,,
951,6612,124,,,,,,,
902,7507,123,,,,,,,
912BI1,7134,123,,,,,,,
919,8173,123,,,,,,,
952,8201,123,,,,,,,
911,7126,122,,,,,,,
915,7502,122,,,,,,,
949DV1,6609,122,,,,,,,
919,7503,121,,,,,,,
927,7102,121,,,,,,,
948,7124,121,,,,,,,
901,7537,120,,,,,,,
907,7548,120,,,,,,,
925,7534,120,,,,,,,
900,8117,119,,,,,,,
915,7571,119,,,,,,,
932,8438,119,,,,,,,
933DV1,7257,118,,,,,,,
942,7400,118,,,,,,,
947,7540,118,,,,,,,
927,7111,117,,,,,,,
927,8622,117,,,,,,,
934,7271,117,,,,,,,
943,8421,117,,,,,,,
901,7561,116,,,,,,,
915,7401,116,,,,,,,
915,8666,116,,,,,,,
930EX1,6607,116,,,,,,,
904,8606,115,,,,,,,
919,8130,115,,,,,,,
921,9618,115,,,,,,,
949,8668,115,,,,,,,
952,8112,115,,,,,,,
921,9604,114,,,,,,,
936,7279,114,,,,,,,
911,7102,113,,,,,,,
915,8131,113,,,,,,,
943,7253,113,,,,,,,
952,7567,113,,,,,,,
901,7228,112,,,,,,,
938,8139,112,,,,,,,
942,7521,112,,,,,,,
948,7274,112,,,,,,,
900,7523,111,,,,,,,
912BI1,8418,111,,,,,,,
927,7120,111,,,,,,,
931,8607,111,,,,,,,
912,7113,110,,,,,,,
925,7572,110,,,,,,,
927,7139,110,,,,,,,
931,7303,110,,,,,,,
936,8662,110,,,,,,,
938,8142,110,,,,,,,
901,7416,109,,,,,,,
906,7236,109,,,,,,,
947VP1,7527,109,,,,,,,
908,7515,108,,,,,,,
911,7127,108,,,,,,,
912,7266,108,,,,,,,
915,8660,108,,,,,,,
917,8157,108,,,,,,,
930DV1,8657,108,,,,,,,
936,7237,108,,,,,,,
943,7111,108,,,,,,,
945,7113,108,,,,,,,
945DV1,7273,108,,,,,,,
912,7304,107,,,,,,,
949DV1,8601,107,,,,,,,
952,7229,107,,,,,,,
911,7134,106,,,,,,,
912,8639,106,,,,,,,
919,7208,106,,,,,,,
919,8114,106,,,,,,,
925,8650,106,,,,,,,
936,8130,106,,,,,,,
940,8435,106,,,,,,,
944,9102,106,,,,,,,
911DV1,7121,105,,,,,,,
919,7563,105,,,,,,,
927,8617,105,,,,,,,
952,8127,105,,,,,,,
911,7276,103,,,,,,,
927,8412,103,,,,,,,
930DV1,8663,103,,,,,,,
900,8654,102,,,,,,,
912BI1,7130,102,,,,,,,
915,7400,102,,,,,,,
915,7568,102,,,,,,,
921VP1,9607,102,,,,,,,
945,7270,102,,,,,,,
948DV1,8422,102,,,,,,,
952,7401,102,,,,,,,
952,7570,102,,,,,,,
919,7202,101,,,,,,,
921VP1,9610,101,,,,,,,
925,7516,101,,,,,,,
925,7519,101,,,,,,,
907,8125,100,,,,,,,
915,7519,100,,,,,,,
931,8211,100,,,,,,,
947,8400,100,,,,,,,
954,6609,100,,,,,,,
900,8170,99,,,,,,,
914,7543,99,,,,,,,
915,7207,99,,,,,,,
921,9623,99,,,,,,,
934EX1,8625,99,,,,,,,
936,8167,99,,,,,,,
943,8432,99,,,,,,,
902,7204,98,,,,,,,
918,8136,98,,,,,,,
942VP1,7316,98,,,,,,,
942VP1,8121,98,,,,,,,
900,7550,97,,,,,,,
904,7246,97,,,,,,,
909,8600,97,,,,,,,
947VP1,7518,97,,,,,,,
947VP1,7562,97,,,,,,,
948DV1,8412,97,,,,,,,
925,8664,96,,,,,,,
936,8136,96,,,,,,,
937,7278,96,,,,,,,
942VP1,8411,96,,,,,,,
918,7417,95,,,,,,,
919,7279,95,,,,,,,
927,8606,95,,,,,,,
939,8427,95,,,,,,,
915,8401,94,,,,,,,
925,7564,94,,,,,,,
927,7257,94,,,,,,,
952,7296,94,,,,,,,
952,8114,94,,,,,,,
915,8118,93,,,,,,,
915,8668,93,,,,,,,
925,7550,93,,,,,,,
925,8204,93,,,,,,,
925,8405,93,,,,,,,
937,7313,93,,,,,,,
945,7313,93,,,,,,,
925,8404,92,,,,,,,
942VP1,7402,92,,,,,,,
952,7285,92,,,,,,,
952,8111,92,,,,,,,
900,8116,91,,,,,,,
904,8413,91,,,,,,,
919,8171,91,,,,,,,
939DV1,8424,91,,,,,,,
901,7287,90,,,,,,,
906,8154,90,,,,,,,
912DV1,7121,90,,,,,,,
942VP1,7162,90,,,,,,,
943,7121,90,,,,,,,
948,7137,90,,,,,,,
915,8125,89,,,,,,,
915,8652,89,,,,,,,
917,7238,89,,,,,,,
927,7265,89,,,,,,,
930DV1,8662,89,,,,,,,
948,7314,89,,,,,,,
952,7291,89,,,,,,,
912BI1,7137,88,,,,,,,
912DV1,7138,88,,,,,,,
922,9612,88,,,,,,,
938,7293,88,,,,,,,
952,7405,88,,,,,,,
901,8136,87,,,,,,,
902,7407,87,,,,,,,
915,7297,87,,,,,,,
918,8145,87,,,,,,,
921VP1,9620,87,,,,,,,
925,7574,87,,,,,,,
925,8155,87,,,,,,,
928,8627,87,,,,,,,
930EX1,8651,87,,,,,,,
942VP1,8116,87,,,,,,,
952,7511,87,,,,,,,
914,7582,86,,,,,,,
936,8113,86,,,,,,,
952,8667,86,,,,,,,
900,7286,85,,,,,,,
918,7405,85,,,,,,,
918,8204,85,,,,,,,
945DV1,8213,85,,,,,,,
907,8154,84,,,,,,,
909,7503,84,,,,,,,
909,8658,84,,,,,,,
925,8201,84,,,,,,,
947,8173,84,,,,,,,
952,7526,84,,,,,,,
901,7283,83,,,,,,,
908,7237,83,,,,,,,
911,7143,83,,,,,,,
911,7167,83,,,,,,,
919,8112,83,,,,,,,
925,8656,83,,,,,,,
933DV1,7272,83,,,,,,,
934EX1,7139,83,,,,,,,
948,8421,83,,,,,,,
901BI1,7527,82,,,,,,,
911,7146,82,,,,,,,
939DV1,8423,82,,,,,,,
947,7564,82,,,,,,,
947,8116,82,,,,,,,
948,8647,82,,,,,,,
948DV1,8617,82,,,,,,,
918,8113,81,,,,,,,
925,8666,81,,,,,,,
931,8631,81,,,,,,,
937,7246,81,,,,,,,
901,8150,80,,,,,,,
948,7121,80,,,,,,,
949DV1,6612,80,,,,,,,
952,8133,80,,,,,,,
952,8668,80,,,,,,,
914,8627,79,,,,,,,
915,7406,79,,,,,,,
940,7078,79,,,,,,,
942,7206,79,,,,,,,
943,7267,79,,,,,,,
903VP1,9102,78,,,,,,,
904,6202,78,,,,,,,
925,7318,78,,,,,,,
925,7509,78,,,,,,,
925,7511,78,,,,,,,
942VP1,8408,78,,,,,,,
900,8167,77,,,,,,,
914,7304,77,,,,,,,
915,7412,77,,,,,,,
942,7504,77,,,,,,,
942,7524,77,,,,,,,
948DV1,8645,77,,,,,,,
952,8151,77,,,,,,,
952,8656,77,,,,,,,
925,7533,76,,,,,,,
945DV1,7310,76,,,,,,,
952,7279,76,,,,,,,
952,7417,76,,,,,,,
932DV1,7110,75,,,,,,,
911,8412,74,,,,,,,
915,8162,74,,,,,,,
942,7287,74,,,,,,,
942VP1,7502,74,,,,,,,
947VP1,7528,74,,,,,,,
925,8601,73,,,,,,,
934,8420,73,,,,,,,
936,7290,73,,,,,,,
937,7267,73,,,,,,,
949,8665,73,,,,,,,
911,7273,72,,,,,,,
934EX1,8608,72,,,,,,,
937,7266,72,,,,,,,
937,7585,72,,,,,,,
904,8637,71,,,,,,,
925,7406,71,,,,,,,
933DV1,7242,71,,,,,,,
905,7305,70,,,,,,,
915,8600,70,,,,,,,
918,8209,70,,,,,,,
925,7291,70,,,,,,,
925,7510,70,,,,,,,
931,7273,70,,,,,,,
942VP1,7554,70,,,,,,,
952,8202,70,,,,,,,
922,9610,69,,,,,,,
925,8600,69,,,,,,,
927,7128,69,,,,,,,
933DV1,7252,69,,,,,,,
937,7274,69,,,,,,,
939DV1,7309,69,,,,,,,
942VP1,8114,69,,,,,,,
947VP1,7405,69,,,,,,,
948DV1,7128,69,,,,,,,
952,8138,69,,,,,,,
954,8648,69,,,,,,,
934EX1,8210,68,,,,,,,
911,7145,67,,,,,,,
912BI1,7106,67,,,,,,,
912DV1,7254,67,,,,,,,
915,8155,67,,,,,,,
922,9619,67,,,,,,,
927,7278,67,,,,,,,
927,8416,67,,,,,,,
943BI1,8641,67,,,,,,,
952,8107,67,,,,,,,
900,8657,66,,,,,,,
906,7528,66,,,,,,,
919,8661,66,,,,,,,
925,7517,66,,,,,,,
947VP1,8409,66,,,,,,,
948DV1,8608,66,,,,,,,
952,7415,66,,,,,,,
915,7537,65,,,,,,,
942VP1,7555,65,,,,,,,
943,8422,65,,,,,,,
945DV1,8603,65,,,,,,,
906,8113,64,,,,,,,
912BI1,7274,64,,,,,,,
932,7582,64,,,,,,,
942VP1,7534,64,,,,,,,
942VP1,7556,64,,,,,,,
947,7262,64,,,,,,,
952,7404,64,,,,,,,
952,7528,64,,,,,,,
900,8660,63,,,,,,,
948DV1,7118,63,,,,,,,
915,7284,62,,,,,,,
915,7561,62,,,,,,,
942VP1,8118,62,,,,,,,
947,8131,62,,,,,,,
949,6605,62,,,,,,,
949DV1,6605,62,,,,,,,
904,8628,61,,,,,,,
922,9622,61,,,,,,,
925,7413,61,,,,,,,
937,7268,61,,,,,,,
939DV1,7146,61,,,,,,,
943,8427,61,,,,,,,
948DV1,7109,61,,,,,,,
900,8153,60,,,,,,,
912BI1,7259,60,,,,,,,
915,7559,60,,,,,,,
939,8167,60,,,,,,,
942,7238,60,,,,,,,
911,7270,59,,,,,,,
948,7582,59,,,,,,,
903VP1,9201,58,,,,,,,
913,7246,58,,,,,,,
925,8118,58,,,,,,,
936,8112,58,,,,,,,
940,7146,58,,,,,,,
942VP1,7211,58,,,,,,,
952,7294,58,,,,,,,
952,7560,58,,,,,,,
900,8111,57,,,,,,,
908,7507,57,,,,,,,
912BI1,7147,57,,,,,,,
939DV1,7269,57,,,,,,,
915,8649,56,,,,,,,
922,9604,56,,,,,,,
931,7151,56,,,,,,,
943,7542,56,,,,,,,
952,8664,56,,,,,,,
911DV1,7112,55,,,,,,,
912DV1,7303,55,,,,,,,
917,7500,55,,,,,,,
918,7237,55,,,,,,,
921VP1,9612,55,,,,,,,
922,9603,55,,,,,,,
937,7140,55,,,,,,,
938,8153,55,,,,,,,
942,7211,55,,,,,,,
942VP1,8130,55,,,,,,,
952,7518,55,,,,,,,
952,7522,55,,,,,,,
954,8171,55,,,,,,,
905,7271,54,,,,,,,
912DV1,7246,54,,,,,,,
914,7249,54,,,,,,,
930DV1,8601,54,,,,,,,
945,7110,54,,,,,,,
952,7288,54,,,,,,,
952,7318,54,,,,,,,
915,7512,53,,,,,,,
925,8665,53,,,,,,,
942VP1,8137,53,,,,,,,
909,8656,52,,,,,,,
911,7109,52,,,,,,,
915,8119,52,,,,,,,
918,7228,52,,,,,,,
948DV1,7126,52,,,,,,,
905EX1,8617,51,,,,,,,
915,8202,51,,,,,,,
945,7246,51,,,,,,,
952,7562,51,,,,,,,
900,7291,50,,,,,,,
918,8116,50,,,,,,,
925,8668,50,,,,,,,
931,7108,50,,,,,,,
939DV1,7114,50,,,,,,,
948DV1,7106,50,,,,,,,
952,7517,50,,,,,,,
912,8424,49,,,,,,,
942,8153,49,,,,,,,
943,7266,49,,,,,,,
947,7546,49,,,,,,,
900,8127,48,,,,,,,
901,7297,48,,,,,,,
915,7525,48,,,,,,,
915,8201,48,,,,,,,
939DV1,7118,48,,,,,,,
945,7247,48,,,,,,,
952,7506,48,,,,,,,
904,7250,47,,,,,,,
922,9602,47,,,,,,,
922,9606,47,,,,,,,
925,7419,47,,,,,,,
945,7257,47,,,,,,,
945DV1,7257,47,,,,,,,
912BI1,7146,46,,,,,,,
912DV1,7134,46,,,,,,,
912DV1,7265,46,,,,,,,
915,7155,46,,,,,,,
915,8144,46,,,,,,,
925,8659,46,,,,,,,
945,7269,46,,,,,,,
901,7555,45,,,,,,,
918,7229,45,,,,,,,
942VP1,7206,45,,,,,,,
952,7572,45,,,,,,,
912DV1,7310,44,,,,,,,
922,9617,44,,,,,,,
939DV1,8438,44,,,,,,,
952,7516,44,,,,,,,
900,7418,43,,,,,,,
913,7244,43,,,,,,,
918,7235,43,,,,,,,
928,7271,43,,,,,,,
952,8124,43,,,,,,,
917,7522,42,,,,,,,
922,9623,42,,,,,,,
943BI1,7304,42,,,,,,,
945,7265,42,,,,,,,
948DV1,7134,42,,,,,,,
949DV1,7537,42,,,,,,,
952,7201,42,,,,,,,
952,8126,42,,,,,,,
954,7410,42,,,,,,,
930DV1,8666,41,,,,,,,
952,7295,41,,,,,,,
915,7419,40,,,,,,,
925,7549,40,,,,,,,
931,7278,40,,,,,,,
939,8627,40,,,,,,,
948,8431,40,,,,,,,
900,7546,39,,,,,,,
913,7256,39,,,,,,,
915,7409,39,,,,,,,
925,8137,39,,,,,,,
927,8637,39,,,,,,,
939DV1,8426,39,,,,,,,
945DV1,7247,39,,,,,,,
931,7271,38,,,,,,,
939DV1,7112,38,,,,,,,
939DV1,8630,38,,,,,,,
942VP1,7208,38,,,,,,,
912DV1,7585,37,,,,,,,
915,7546,37,,,,,,,
921VP1,9619,37,,,,,,,
945DV1,7269,37,,,,,,,
919,8125,36,,,,,,,
945DV1,7110,36,,,,,,,
948DV1,7272,36,,,,,,,
948DV1,8424,36,,,,,,,
911,7112,35,,,,,,,
912,8646,35,,,,,,,
912BI1,8414,35,,,,,,,
945,7242,35,,,,,,,
952,8660,35,,,,,,,
906,7292,34,,,,,,,
912BI1,8417,34,,,,,,,
913,7270,34,,,,,,,
940,8617,34,,,,,,,
945DV1,7242,34,,,,,,,
952,7524,34,,,,,,,
912DV1,7109,33,,,,,,,
914,7258,33,,,,,,,
927,8432,33,,,,,,,
934,8624,33,,,,,,,
939DV1,8627,33,,,,,,,
941,7243,33,,,,,,,
904,6203,32,,,,,,,
939DV1,8603,32,,,,,,,
947VP1,7510,32,,,,,,,
948DV1,7141,32,,,,,,,
952,7554,32,,,,,,,
952,8162,32,,,,,,,
918,8173,31,,,,,,,
927,8607,31,,,,,,,
942VP1,7417,31,,,,,,,
945DV1,7246,31,,,,,,,
945DV1,7274,31,,,,,,,
917,7201,30,,,,,,,
932DV1,8431,30,,,,,,,
934EX1,7116,30,,,,,,,
939DV1,8430,30,,,,,,,
945DV1,8209,30,,,,,,,
948,8631,30,,,,,,,
925,8658,29,,,,,,,
932DV1,7102,29,,,,,,,
934EX1,7151,29,,,,,,,
945DV1,7265,29,,,,,,,
901,8117,28,,,,,,,
906,7415,28,,,,,,,
927,8421,28,,,,,,,
934,8626,28,,,,,,,
934EX1,8614,28,,,,,,,
945DV1,8210,28,,,,,,,
948DV1,7129,28,,,,,,,
901BI1,7503,27,,,,,,,
907,7406,27,,,,,,,
911,7274,27,,,,,,,
915,8135,27,,,,,,,
948DV1,7112,27,,,,,,,
911DV1,7274,26,,,,,,,
948DV1,8423,26,,,,,,,
952,7555,26,,,,,,,
902,7529,25,,,,,,,
915,7295,25,,,,,,,
939DV1,8604,25,,,,,,,
936,8166,24,,,,,,,
947,7211,24,,,,,,,
904,8209,23,,,,,,,
930EX1,8649,23,,,,,,,
952,8153,23,,,,,,,
915,7570,22,,,,,,,
932DV1,7584,22,,,,,,,
939,7542,22,,,,,,,
949DV1,6611,22,,,,,,,
952,7400,22,,,,,,,
952,7538,22,,,,,,,
952,7573,22,,,,,,,
908,7206,21,,,,,,,
912DV1,7115,21,,,,,,,
925,8400,21,,,,,,,
945,8209,21,,,,,,,
934EX1,8637,20,,,,,,,
948DV1,7542,20,,,,,,,
904,7259,19,,,,,,,
921VP1,9617,19,,,,,,,
921VP1,9624,19,,,,,,,
945DV1,7112,19,,,,,,,
911,7259,18,,,,,,,
917,8200,18,,,,,,,
945DV1,7245,18,,,,,,,
952,7563,18,,,,,,,
906,8130,17,,,,,,,
912BI1,8424,17,,,,,,,
921VP1,9613,17,,,,,,,
952,7551,17,,,,,,,
901,7419,16,,,,,,,
925,7566,16,,,,,,,
928,8642,16,,,,,,,
941,7244,16,,,,,,,
952,7212,16,,,,,,,
952,7537,16,,,,,,,
901,8114,15,,,,,,,
911DV1,7259,15,,,,,,,
912BI1,7140,15,,,,,,,
932DV1,8424,15,,,,,,,
933,7252,15,,,,,,,
937,8613,15,,,,,,,
952,7280,15,,,,,,,
952,7406,15,,,,,,,
952,7408,15,,,,,,,
952,7513,15,,,,,,,
952,7532,15,,,,,,,
952,7548,15,,,,,,,
952,8157,15,,,,,,,
902,8147,14,,,,,,,
919,7160,14,,,,,,,
921VP1,9616,14,,,,,,,
921VP1,9621,14,,,,,,,
939DV1,8602,14,,,,,,,
952,7289,14,,,,,,,
952,8600,14,,,,,,,
954,8209,14,,,,,,,
919,8410,13,,,,,,,
932DV1,7541,12,,,,,,,
952,8110,12,,,,,,,
952,8131,12,,,,,,,
925,7159,11,,,,,,,
952,7155,11,,,,,,,
913,8625,10,,,,,,,
937,8643,10,,,,,,,
939,7248,10,,,,,,,
945,8211,10,,,,,,,
952,8601,10,,,,,,,
906,8665,9,,,,,,,
932DV1,8417,9,,,,,,,
921VP1,9603,8,,,,,,,
925,7518,8,,,,,,,
939DV1,7248,8,,,,,,,
949DV1,8651,8,,,,,,,
949DV1,8658,8,,,,,,,
900,7554,7,,,,,,,
909,7537,7,,,,,,,
938,8124,7,,,,,,,
939DV1,7265,7,,,,,,,
952,8122,7,,,,,,,
900,6610,6,,,,,,,
907,7516,6,,,,,,,
918,7162,6,,,,,,,
925,7403,6,,,,,,,
927,8427,6,,,,,,,
932DV1,7271,6,,,,,,,
952,7159,6,,,,,,,
952,7202,6,,,,,,,
952,7559,6,,,,,,,
952,8118,6,,,,,,,
907,7203,5,,,,,,,
925,7292,5,,,,,,,
925,7405,5,,,,,,,
931,7585,5,,,,,,,
932DV1,7141,5,,,,,,,
934,7306,5,,,,,,,
938,8115,5,,,,,,,
943,8435,5,,,,,,,
952,7413,5,,,,,,,
901,7552,4,,,,,,,
918,8127,4,,,,,,,
921VP1,9609,4,,,,,,,
934,8611,4,,,,,,,
937,7249,4,,,,,,,
937,8642,4,,,,,,,
940,8420,4,,,,,,,
941,7265,4,,,,,,,
901,7506,3,,,,,,,
937,7542,3,,,,,,,
940,7252,3,,,,,,,
902,7522,2,,,,,,,
904,7309,2,,,,,,,
905,8633,2,,,,,,,
914,7247,2,,,,,,,
902,7413,1,,,,,,,
904,7243,1,,,,,,,
919,8111,1,,,,,,,
925,7570,1,,,,,,,
934,7134,1,,,,,,,
939DV1,8420,1,,,,,,,
947,8155,1,,,,,,,
RM,cartao,1,Linha,Sentido,tipo_embarque,prefixo,aplicacao,Desc_Aplic,TipoPassagem
