"lat"; "lon"; "weight"
 -23.99869;  -46.4145; 10000
 -24.1821;  -46.47878; 310000
 -23.99926;  -46.41526; 50000
 -23.95944;  -46.33818; 140000
 -23.96895;  -46.36094; 80000
 -23.99898;  -46.41509; 110000
 -24.1823;  -46.47872; 190000
 -23.9988;  -46.41445; 70000
 -23.94525;  -46.3292; 30000
 -23.94711;  -46.33637; 90000
 -23.99434;  -46.40643; 20000
 -23.95519;  -46.33132; 10000
 -23.94443;  -46.32705; 100000
 -23.99514;  -46.40734; 10000
 -23.96514;  -46.33254; 30000
 -23.97125;  -46.39166; 20000
 -23.9682;  -46.38741; 50000
 -23.9401;  -46.32486; 50000
 -23.96845;  -46.33294; 10000
 -23.96903;  -46.38559; 10000
 -23.96007;  -46.33826; 70000
 -23.96898;  -46.33579; 30000
 -23.96831;  -46.35738; 10000
 -23.96871;  -46.35657; 30000
 -23.97168;  -46.39234; 50000
 -23.96857;  -46.35436; 30000
 -23.9679;  -46.3849; 50000
 -23.9567;  -46.33786; 20000
 -23.93411;  -46.3353; 30000
 -24.1815;  -46.47871; 190000
 -23.96423;  -46.38565; 10000
 -23.95992;  -46.33824; 30000
 -23.94457;  -46.32533; 20000
 -23.96705;  -46.37842; 20000
 -23.96939;  -46.33408; 20000
 -23.96154;  -46.3385; 70000
 -23.97181;  -46.39582; 30000
 -23.99877;  -46.41461; 120000
 -23.97005;  -46.39167; 10000
 -23.97043;  -46.39154; 40000
 -23.96789;  -46.3461; 10000
 -23.96649;  -46.38668; 30000
 -23.96738;  -46.37806; 80000
 -23.97025;  -46.36773; 10000
 -23.99589;  -46.40894; 80000
 -23.97518;  -46.40166; 20000
 -23.96546;  -46.38136; 20000
 -23.97134;  -46.3707; 70000
 -23.96103;  -46.33842; 50000
 -23.97112;  -46.3711; 70000
 -23.96498;  -46.38237; 30000
 -24.1812;  -46.47869; 60000
 -24.16;  -46.46702; 20000
 -23.93421;  -46.3353; 10000
 -23.96981;  -46.39051; 40000
 -23.96601;  -46.38104; 50000
 -24.1813;  -46.47883; 80000
 -23.96812;  -46.33928; 30000
 -23.96815;  -46.33987; 50000
 -23.93324;  -46.33426; 20000
 -24.1823;  -46.47853; 50000
 -23.96393;  -46.38444; 20000
 -23.96374;  -46.38477; 10000
 -23.96919;  -46.33472; 40000
 -24.11;  -46.41946; 20000
 -23.99898;  -46.41487; 20000
 -24.1819;  -46.47848; 80000
 -23.97085;  -46.39152; 20000
 -23.99867;  -46.41443; 10000
 -23.9621;  -46.33214; 20000
 -23.96772;  -46.38487; 30000
 -23.95939;  -46.33807; 50000
 -23.97171;  -46.36898; 40000
 -23.96658;  -46.38676; 50000
 -24.1824;  -46.47874; 60000
 -24.1818;  -46.4787; 100000
 -23.9422;  -46.33475; 100000
 -24.1815;  -46.47878; 50000
 -24.1807;  -46.47871; 10000
 -23.99857;  -46.41447; 20000
 -23.96812;  -46.34178; 10000
 -23.95676;  -46.33784; 50000
 -23.95877;  -46.33797; 10000
 -23.96992;  -46.36719; 50000
 -23.9692;  -46.37476; 40000
 -23.99863;  -46.41449; 10000
 -23.95386;  -46.33113; 80000
 -23.96882;  -46.36018; 10000
 -23.96974;  -46.39033; 50000
 -24.1809;  -46.47872; 30000
 -23.97045;  -46.37213; 90000
 -23.96951;  -46.3331; 80000
 -23.96517;  -46.38188; 10000
 -23.96778;  -46.34681; 30000
 -23.98274;  -46.40107; 60000
 -23.96206;  -46.33213; 100000
 -24.1814;  -46.47872; 380000
 -23.9987;  -46.41448; 10000
 -23.96128;  -46.33836; 20000
 -23.99883;  -46.41212; 40000
 -23.999;  -46.415; 10000
 -23.96796;  -46.34583; 10000
 -24.1819;  -46.47816; 10000
 -24.1816;  -46.47878; 100000
 -23.94226;  -46.33479; 20000
 -23.97171;  -46.39302; 20000
 -23.95542;  -46.33131; 40000
 -23.95246;  -46.33098; 20000
 -23.96875;  -46.33291; 30000
 -23.97163;  -46.37021; 50000
 -23.97456;  -46.40185; 50000
 -23.9677;  -46.37721; 30000
 -23.97031;  -46.39969; 20000
 -23.97153;  -46.37023; 40000
 -23.94421;  -46.32884; 40000
 -23.99865;  -46.41446; 40000
 -23.96995;  -46.38738; 30000
 -23.95977;  -46.33823; 30000
 -24.1819;  -46.47855; 10000
 -23.93417;  -46.33523; 10000
 -23.94481;  -46.33004; 20000
 -24.1822;  -46.47846; 20000
 -23.94419;  -46.329; 50000
 -23.97041;  -46.37264; 20000
 -24.1812;  -46.47881; 80000
 -23.99864;  -46.4142; 10000
 -23.96857;  -46.3539; 40000
 -23.96603;  -46.38662; 10000
 -24.1812;  -46.47874; 140000
 -24.1812;  -46.47868; 40000
 -23.96986;  -46.3671; 50000
 -23.99076;  -46.40191; 10000
 -23.96993;  -46.39118; 30000
 -23.97512;  -46.40177; 10000
 -23.96829;  -46.33295; 60000
 -24.1822;  -46.4788; 120000
 -23.94536;  -46.32783; 20000
 -23.96866;  -46.3854; 40000
 -23.95254;  -46.33093; 10000
 -24.1826;  -46.47842; 70000
 -23.96817;  -46.38406; 30000
 -23.96049;  -46.332; 10000
 -24.1804;  -46.47869; 90000
 -23.97149;  -46.39237; 20000
 -24.1819;  -46.47883; 60000
 -23.96641;  -46.38675; 30000
 -23.99215;  -46.40374; 10000
 -23.96598;  -46.33891; 70000
 -23.97058;  -46.37179; 50000
 -23.96734;  -46.3783; 50000
 -23.96346;  -46.38528; 10000
 -23.96363;  -46.38514; 30000
 -23.96996;  -46.37335; 30000
 -23.96528;  -46.3389; 10000
 -23.96827;  -46.38505; 30000
 -23.96869;  -46.35472; 60000
 -23.96843;  -46.38759; 30000
 -23.96628;  -46.38664; 30000
 -23.9537;  -46.33112; 40000
 -23.96895;  -46.33612; 10000
 -23.96957;  -46.33333; 30000
 -23.96626;  -46.38098; 100000
 -24.1816;  -46.47871; 90000
 -24.1819;  -46.47871; 10000
 -23.93358;  -46.33314; 40000
 -23.94465;  -46.33517; 50000
 -23.97106;  -46.39162; 110000
 -23.96643;  -46.3867; 20000
 -23.99907;  -46.41417; 50000
 -24.1811;  -46.47881; 30000
 -23.93928;  -46.32476; 30000
 -23.9649;  -46.38262; 10000
 -23.9689;  -46.33627; 10000
 -23.9682;  -46.38231; 50000
 -23.94634;  -46.33565; 80000
 -23.93474;  -46.32775; 70000
 -23.95954;  -46.33183; 10000
 -23.97103;  -46.36888; 30000
 -23.96902;  -46.39122; 70000
 -23.96652;  -46.33914; 80000
 -23.96517;  -46.33887; 60000
 -23.96814;  -46.35129; 20000
 -23.96745;  -46.37791; 20000
 -24.1823;  -46.47851; 10000
 -23.96649;  -46.37985; 20000
 -23.96409;  -46.38413; 20000
 -23.96819;  -46.38405; 30000
 -23.94709;  -46.33036; 70000
 -23.95315;  -46.33743; 30000
 -23.96751;  -46.37784; 20000
 -23.9454;  -46.33012; 70000
 -24.1813;  -46.47876; 150000
 -23.99581;  -46.40881; 30000
 -23.97103;  -46.37118; 30000
 -23.96803;  -46.3391; 20000
 -23.96728;  -46.33919; 80000
 -23.96322;  -46.33231; 120000
 -23.96828;  -46.37626; 10000
 -23.96858;  -46.35842; 20000
 -24.1815;  -46.47874; 60000
 -23.9544;  -46.33115; 100000
 -24.1817;  -46.4786; 10000
 -23.96878;  -46.36108; 50000
 -23.96679;  -46.33268; 80000
 -23.97219;  -46.39898; 10000
 -24.1816;  -46.47858; 10000
 -23.99504;  -46.40727; 60000
 -23.96826;  -46.40217; 60000
 -23.94437;  -46.32752; 50000
 -24.1817;  -46.47872; 280000
 -23.93713;  -46.33256; 60000
 -23.96983;  -46.37332; 120000
 -23.9686;  -46.38542; 10000
 -23.94446;  -46.32663; 70000
 -23.97201;  -46.39784; 10000
 -23.99858;  -46.41452; 20000
 -23.96982;  -46.36621; 20000
 -23.97178;  -46.39591; 60000
 -23.96798;  -46.34365; 70000
 -24.1819;  -46.47878; 10000
 -23.97202;  -46.39736; 20000
 -23.96814;  -46.34347; 10000
 -23.95346;  -46.33746; 10000
 -23.96704;  -46.33267; 20000
 -23.94448;  -46.32669; 20000
 -23.94522;  -46.33538; 10000
 -23.96891;  -46.37527; 60000
 -23.96767;  -46.34743; 50000
 -23.94398;  -46.33495; 10000
 -23.9686;  -46.35801; 100000
 -23.96905;  -46.36163; 90000
 -23.99665;  -46.40963; 10000
 -23.96843;  -46.35301; 10000
 -24.181;  -46.4787; 60000
 -23.94272;  -46.32504; 10000
 -24.182;  -46.47852; 70000
 -23.94156;  -46.33475; 90000
 -23.94693;  -46.33612; 70000
 -23.9341;  -46.33094; 10000
 -23.96787;  -46.34794; 40000
 -23.9684;  -46.35459; 30000
 -23.99958;  -46.41549; 130000
 -23.95311;  -46.33741; 10000
 -23.9716;  -46.36983; 10000
 -23.96901;  -46.37475; 40000
 -23.99876;  -46.41433; 20000
 -23.96982;  -46.36677; 40000
 -23.99863;  -46.41441; 50000
 -23.96546;  -46.38629; 40000
 -23.95667;  -46.3379; 50000
 -23.969;  -46.37471; 30000
 -23.97135;  -46.3704; 10000
 -23.96737;  -46.37798; 30000
 -23.96676;  -46.3814; 50000
 -23.96923;  -46.3748; 120000
 -24.1818;  -46.47886; 10000
 -23.95675;  -46.3379; 20000
 -23.97147;  -46.37048; 10000
 -24.1823;  -46.47875; 50000
 -23.99164;  -46.40307; 80000
 -23.95325;  -46.33742; 10000
 -23.96848;  -46.35734; 70000
 -23.95955;  -46.33186; 30000
 -23.96918;  -46.3744; 60000
 -23.9684;  -46.35873; 10000
 -23.96307;  -46.33862; 20000
 -23.96792;  -46.34742; 10000
 -23.94527;  -46.33005; 30000
 -23.95735;  -46.33792; 20000
 -23.949068;  -46.336944; 290000
 -23.93828;  -46.32474; 60000
 -23.9647;  -46.33251; 30000
 -24.1811;  -46.47867; 30000
 -24.1822;  -46.47878; 50000
 -23.96564;  -46.38104; 10000
 -23.96862;  -46.38528; 20000
 -23.99934;  -46.41419; 20000
 -24.1527;  -46.46515; 50000
 -23.99899;  -46.41381; 10000
 -24.181;  -46.47872; 30000
 -23.96826;  -46.38221; 10000
 -24.1817;  -46.47869; 60000
 -23.9987;  -46.41449; 110000
 -23.99866;  -46.41455; 10000
 -24.1811;  -46.4788; 20000
 -23.96747;  -46.37806; 60000
 -23.9698;  -46.36532; 80000
 -23.9874;  -46.40052; 50000
 -23.99863;  -46.41435; 30000
 -23.95891;  -46.33175; 10000
 -23.97192;  -46.39635; 10000
 -23.96818;  -46.3823; 60000
 -23.99871;  -46.41447; 30000
 -23.94552;  -46.33545; 60000
 -23.99908;  -46.41421; 40000
 -24.182;  -46.47875; 210000
 -24.1813;  -46.47815; 10000
 -23.96834;  -46.40059; 10000
 -23.93497;  -46.32776; 20000
 -23.96851;  -46.353; 10000
 -23.96432;  -46.38569; 10000
 -23.96663;  -46.33269; 30000
 -23.9662;  -46.33266; 90000
 -23.96813;  -46.34104; 120000
 -24.1808;  -46.47869; 20000
 -23.99861;  -46.41447; 40000
 -24.1806;  -46.47873; 50000
 -24.1807;  -46.47873; 30000
 -23.96878;  -46.36106; 70000
 -23.99876;  -46.4145; 20000
 -24.1808;  -46.4787; 70000
 -23.99877;  -46.41453; 50000
 -23.99136;  -46.40301; 170000
 -23.9986;  -46.4145; 30000
 -24.1812;  -46.47872; 80000
 -23.99833;  -46.41406; 30000
 -24.1825;  -46.47876; 20000
 -23.99934;  -46.41421; 60000
 -23.94387;  -46.32511; 10000
 -23.98712;  -46.40044; 10000
 -23.96963;  -46.33324; 10000
 -23.96601;  -46.38086; 10000
 -24.1814;  -46.47874; 110000
 -23.99171;  -46.40317; 20000
 -23.93454;  -46.3285; 50000
 -23.97221;  -46.39932; 40000
 -23.94911;  -46.33062; 10000
 -23.96811;  -46.35101; 170000
 -23.96903;  -46.33519; 20000
 -23.99868;  -46.4145; 40000
 -24.1816;  -46.47876; 20000
 -23.99631;  -46.4089; 80000
 -23.93427;  -46.33529; 40000
 -23.94079;  -46.33474; 10000
 -23.96911;  -46.33521; 60000
 -23.96862;  -46.37567; 20000
 -23.97208;  -46.39803; 10000
 -23.94526;  -46.33535; 140000
 -23.96843;  -46.35675; 50000
 -23.98163;  -46.4011; 20000
 -23.99865;  -46.41444; 50000
 -24.1642;  -46.46829; 10000
 -23.93359;  -46.33264; 50000
 -23.9689;  -46.37513; 10000
 -23.95353;  -46.33744; 20000
 -24.1812;  -46.4787; 20000
 -24.182;  -46.47872; 20000
 -23.9698;  -46.36438; 130000
 -23.96727;  -46.40203; 30000
 -23.95798;  -46.33161; 30000
 -23.96859;  -46.37583; 40000
 -23.95294;  -46.33745; 30000
 -23.97005;  -46.38937; 40000
 -23.96785;  -46.3328; 110000
 -23.9715;  -46.37044; 10000
 -23.9694;  -46.38562; 20000
 -23.93355;  -46.33296; 70000
 -24.181;  -46.47869; 50000
 -23.96805;  -46.3496; 10000
 -23.97174;  -46.39364; 20000
 -24.474;  -46.43891; 110000
 -23.96358;  -46.3853; 30000
 -23.96755;  -46.33902; 40000
 -24.1805;  -46.47872; 60000
 -23.94722;  -46.33654; 20000
 -23.96759;  -46.40247; 120000
 -23.96419;  -46.38406; 30000
 -23.94945;  -46.33063; 10000
 -24.182;  -46.4787; 20000
 -23.96825;  -46.34076; 40000
 -23.9598;  -46.33814; 80000
 -23.95264;  -46.33735; 30000
 -24.1817;  -46.47875; 140000
 -24.1825;  -46.47842; 20000
 -23.96747;  -46.33899; 60000
 -23.96799;  -46.34972; 10000
 -23.94155;  -46.3348; 50000
 -23.93479;  -46.32782; 60000
 -23.95259;  -46.33097; 60000
 -23.99819;  -46.41257; 10000
 -23.99877;  -46.41425; 40000
 -24.1819;  -46.47877; 180000
 -23.96801;  -46.34445; 60000
 -23.96863;  -46.35362; 20000
 -23.93414;  -46.33527; 90000
 -23.94222;  -46.33481; 60000
 -23.96853;  -46.3824; 30000
 -23.94869;  -46.33684; 20000
 -23.99869;  -46.41445; 40000
 -23.96865;  -46.33302; 10000
 -23.99508;  -46.40726; 10000
 -23.97184;  -46.39455; 10000
 -23.96909;  -46.38954; 10000
 -24.1821;  -46.47848; 10000
 -24.1811;  -46.47876; 160000
 -23.93532;  -46.32504; 70000
 -23.96998;  -46.38625; 20000
 -23.96889;  -46.33606; 180000
 -23.96813;  -46.3842; 10000
 -23.96817;  -46.33292; 80000
 -23.96797;  -46.38421; 30000
 -23.97128;  -46.39883; 120000
 -23.96895;  -46.36205; 20000
 -23.99866;  -46.41446; 20000
 -23.94418;  -46.32892; 90000
 -23.9579;  -46.33157; 60000
 -23.96516;  -46.33888; 30000
 -23.99841;  -46.41178; 50000
 -23.96866;  -46.38884; 20000
 -23.93484;  -46.33473; 40000
 -23.95742;  -46.33151; 20000
 -23.96636;  -46.38664; 10000
 -23.96839;  -46.35175; 20000
 -24.1815;  -46.47872; 40000
 -23.99906;  -46.41419; 20000
 -23.96977;  -46.3644; 40000
 -23.97147;  -46.37022; 40000
 -23.94143;  -46.32494; 10000
 -23.96742;  -46.37802; 70000
 -23.96792;  -46.33913; 60000
 -23.96973;  -46.39026; 20000
 -23.96838;  -46.35191; 40000
 -23.96983;  -46.36453; 10000
 -24.1822;  -46.4787; 30000
 -24.173;  -46.47106; 10000
 -23.96653;  -46.40101; 70000
 -23.97485;  -46.40184; 260000
 -23.94413;  -46.32977; 30000
 -24.1821;  -46.47869; 110000
 -23.96878;  -46.35361; 10000
 -23.94446;  -46.32674; 10000
 -23.99866;  -46.41437; 20000
 -23.97074;  -46.37175; 10000
 0.0;  0.0; 60000
 -24.1814;  -46.47878; 110000
 -23.96993;  -46.38736; 20000
 -23.96865;  -46.40071; 10000
 -23.9446;  -46.32529; 10000
 -23.96704;  -46.38692; 130000
 -23.95799;  -46.33804; 40000
 -23.97164;  -46.39847; 50000
 -23.96219;  -46.33218; 50000
 -23.97003;  -46.39167; 10000
 -23.9657;  -46.38099; 20000
 -23.97906;  -46.40138; 80000
 -23.95803;  -46.338; 30000
 -23.98062;  -46.40103; 40000
 -23.97955;  -46.40138; 30000
 -24.1815;  -46.47875; 240000
 -23.96792;  -46.34541; 20000
 -23.9672;  -46.33255; 70000
 -23.93512;  -46.32612; 50000
 -23.96498;  -46.38269; 10000
 -23.9679;  -46.34615; 30000
 -23.98698;  -46.40059; 140000
 -23.96033;  -46.33836; 20000
 -23.99123;  -46.40284; 50000
 -23.97077;  -46.37151; 60000
 -24.1816;  -46.47874; 40000
 -23.93315;  -46.33441; 80000
 -23.96643;  -46.37976; 30000
 -23.99863;  -46.41443; 40000
 -23.96845;  -46.38248; 40000
 -23.97185;  -46.36955; 10000
 -23.94749;  -46.33033; 40000
 -24.1825;  -46.47879; 70000
 -23.96607;  -46.3865; 20000
 -23.96215;  -46.33223; 60000
 -24.91;  -46.45493; 50000
 -23.97174;  -46.39333; 50000
 -24.1401;  -46.46218; 30000
 -23.99404;  -46.40628; 40000
 -23.9697;  -46.33321; 20000
 -23.9918;  -46.40333; 10000
 -23.96806;  -46.34093; 40000
 -23.9683;  -46.33991; 80000
 -24.1807;  -46.47852; 10000
 -23.96488;  -46.33251; 70000
 -24.18;  -46.47866; 60000
 -23.93505;  -46.32668; 20000
 -23.96842;  -46.35642; 10000
 -23.96897;  -46.38561; 30000
 -24.1814;  -46.47871; 70000
 -23.99873;  -46.4144; 30000
 -23.96878;  -46.36014; 10000
 -23.96869;  -46.35557; 60000
 -23.96846;  -46.33894; 30000
 -23.9687;  -46.35602; 120000
 -23.93535;  -46.32488; 70000
 -23.9336;  -46.33498; 10000
 -23.9987;  -46.41447; 60000
 -23.96971;  -46.40032; 40000
 -23.96101;  -46.33205; 120000
 -23.97191;  -46.39572; 10000
 -23.99868;  -46.41459; 20000
 -23.9702;  -46.36792; 10000
 -24.1824;  -46.47863; 40000
 -23.97017;  -46.37302; 20000
 -23.97172;  -46.3928; 10000
 -24.1818;  -46.47869; 20000
 -23.94506;  -46.3353; 80000
 -23.97164;  -46.39323; 60000
 -23.9677;  -46.37722; 50000
 -23.97147;  -46.36953; 10000
 -23.95165;  -46.33082; 20000
 -23.93653;  -46.32457; 50000
 -23.97195;  -46.3966; 40000
 -23.99867;  -46.41447; 40000
 -23.99832;  -46.41406; 70000
 -23.97171;  -46.36894; 100000
 -23.94543;  -46.3301; 30000
 -24.1808;  -46.47867; 80000
 -23.99411;  -46.40633; 20000
 -23.94457;  -46.32541; 30000
 -23.96608;  -46.38052; 60000
 -23.96878;  -46.38828; 60000
 -24.1806;  -46.47864; 10000
 -23.95959;  -46.33183; 60000
 -23.96829;  -46.40217; 30000
 -23.95372;  -46.33115; 30000
 -24.1809;  -46.47876; 50000
 -23.99934;  -46.41423; 90000
 -23.93416;  -46.33524; 10000
 -24.1807;  -46.47868; 30000
 -23.9988;  -46.41206; 10000
 -23.9715;  -46.37019; 90000
 -23.96869;  -46.36069; 40000
 -23.96543;  -46.38637; 10000
 -24.1814;  -46.47876; 60000
 -23.96832;  -46.37649; 60000
 -23.99864;  -46.41446; 70000
 -23.96366;  -46.33234; 70000
 -23.96697;  -46.33262; 80000
 -23.96651;  -46.38678; 40000
 -23.96904;  -46.33548; 30000
 -23.99909;  -46.41418; 10000
 -23.96806;  -46.34214; 20000
 -23.96859;  -46.38268; 40000
 -23.99876;  -46.41458; 120000
 -23.95687;  -46.33786; 140000
 -23.95341;  -46.33106; 90000
 -23.96879;  -46.38548; 20000
 -23.99868;  -46.41452; 60000
 -23.95567;  -46.33772; 10000
 -24.1818;  -46.47872; 20000
 -23.96515;  -46.33257; 30000
 -23.96624;  -46.38656; 50000
 -24.1762;  -46.47419; 10000
 -23.96809;  -46.40058; 20000
 -23.96926;  -46.33468; 80000
 -23.97157;  -46.39163; 20000
 -23.9653;  -46.33899; 20000
 -23.96649;  -46.37982; 60000
 -23.96323;  -46.33863; 10000
 -23.9697;  -46.33324; 60000
 -23.97156;  -46.39235; 10000
 -23.9439;  -46.32521; 50000
 -23.93518;  -46.33441; 20000
 -23.97172;  -46.39477; 40000
 -23.96645;  -46.38677; 80000
 -23.94461;  -46.32556; 10000
 -23.96905;  -46.39097; 30000
 -23.9716;  -46.3701; 20000
 -23.96813;  -46.38747; 20000
 -23.99583;  -46.40886; 30000
 -23.93676;  -46.32464; 20000
 -23.96706;  -46.38161; 30000
 -23.93452;  -46.32961; 10000
 -24.1827;  -46.47877; 50000
 -24.1826;  -46.4788; 190000
 -23.96795;  -46.34867; 40000
 -23.99933;  -46.41425; 10000
 -23.96361;  -46.38515; 20000
 -23.96796;  -46.38211; 70000
 -23.99909;  -46.4142; 40000
 -23.95655;  -46.33144; 10000
 -23.97217;  -46.3993; 10000
 -23.96883;  -46.38549; 20000
 -23.94716;  -46.33036; 40000
 -24.1819;  -46.47875; 170000
 -23.94518;  -46.33532; 20000
 -23.9987;  -46.41439; 60000
 -23.99712;  -46.41024; 10000
 -23.96743;  -46.38184; 10000
 -23.97015;  -46.36763; 10000
 -23.99525;  -46.4079; 10000
 -23.96912;  -46.33303; 50000
 -23.96646;  -46.38675; 10000
 -23.95956;  -46.33186; 60000
 -23.9569;  -46.33781; 30000
 -23.97103;  -46.37112; 10000
 -24.1815;  -46.4787; 10000
 -24.181;  -46.4788; 60000
 -23.96871;  -46.33758; 40000
 -23.9518;  -46.33087; 60000
 -23.99908;  -46.4143; 70000
 -23.94732;  -46.33036; 70000
 -24.1811;  -46.47874; 150000
 -23.9444;  -46.32662; 10000
 -23.96957;  -46.33311; 40000
 -23.95876;  -46.33801; 10000
 -23.97053;  -46.39954; 30000
 -23.96889;  -46.35342; 70000
 -23.94443;  -46.32655; 10000
 -24.1813;  -46.47873; 100000
 -23.96796;  -46.3417; 50000
 -24.1815;  -46.47869; 50000
 -23.96769;  -46.37727; 20000
 -23.95334;  -46.33103; 70000
 -23.96814;  -46.34023; 60000
 -23.96881;  -46.35999; 20000
 -23.9446;  -46.32537; 80000
 -23.97177;  -46.39501; 10000
 -23.96881;  -46.38881; 20000
 -23.96876;  -46.36095; 40000
 -23.9686;  -46.35691; 50000
 -23.96716;  -46.33258; 10000
 -23.96547;  -46.38635; 20000
 -23.95342;  -46.33111; 20000
 -23.98271;  -46.40089; 30000
 -23.96805;  -46.34258; 10000
 -23.96798;  -46.38211; 30000
 -23.96607;  -46.38059; 20000
 -23.94407;  -46.32522; 20000
 -23.94512;  -46.33004; 30000
 -23.96618;  -46.38006; 10000
 -23.96421;  -46.33879; 10000
 -23.96478;  -46.33254; 110000
 -24.1807;  -46.4787; 10000
 -23.99878;  -46.41324; 10000
 -23.94455;  -46.32573; 40000
 -23.96941;  -46.36373; 60000
 -23.96728;  -46.33252; 80000
 -23.96795;  -46.34539; 20000
 -23.9719;  -46.39825; 40000
 -23.96795;  -46.34881; 170000
 -23.99933;  -46.41423; 30000
 -23.9688;  -46.35629; 40000
 -23.96082;  -46.3382; 10000
 -23.98384;  -46.40095; 30000
 -23.9959;  -46.40887; 30000
 -24.181;  -46.47874; 50000
 -23.96794;  -46.3821; 20000
 -23.96935;  -46.37462; 20000
 -23.97976;  -46.4012; 40000
 -23.96906;  -46.3904; 100000
 -23.96656;  -46.33903; 50000
 -23.9632;  -46.33227; 60000
 -23.95614;  -46.33135; 100000
 -23.96775;  -46.4027; 20000
 -23.94445;  -46.32683; 20000
 -23.96848;  -46.35293; 40000
 -23.96816;  -46.34973; 30000
 -23.99861;  -46.41438; 50000
 -23.9695;  -46.36419; 30000
 -23.96981;  -46.39065; 70000
 -23.93694;  -46.32459; 30000
 -23.97176;  -46.40165; 60000
 -23.9713;  -46.37085; 10000
 -23.96747;  -46.3776; 10000
 -23.96785;  -46.34861; 30000
 -23.93392;  -46.33514; 20000
 -23.9681;  -46.35118; 70000
 -23.97016;  -46.36563; 70000
 -23.97073;  -46.37185; 40000
 -23.9342;  -46.33523; 60000
 -24.1819;  -46.47868; 100000
 -23.99878;  -46.41441; 80000
 -24.1814;  -46.47873; 90000
 -23.99873;  -46.41458; 10000
 -23.96271;  -46.33224; 10000
 -23.97422;  -46.40178; 10000
 -23.94517;  -46.33532; 30000
 -23.94233;  -46.32508; 50000
 -23.98926;  -46.40057; 70000
 -24.1816;  -46.47879; 40000
 -23.9686;  -46.35447; 40000
 -24.1825;  -46.47791; 50000
 -23.99878;  -46.4146; 40000
 -24.1816;  -46.47883; 10000
 -24.1822;  -46.47877; 290000
 -23.96799;  -46.34486; 20000
 -23.96774;  -46.34812; 40000
 -23.96566;  -46.38097; 40000
 -23.96669;  -46.38683; 60000
 -23.96536;  -46.33253; 40000
 -23.97169;  -46.39329; 20000
 -23.96863;  -46.3828; 60000
 -23.97147;  -46.36937; 20000
 -24.1811;  -46.47869; 30000
 -24.181;  -46.47871; 40000
 -23.99933;  -46.41424; 10000
 -23.96841;  -46.35648; 30000
 -23.96872;  -46.35522; 30000
 -23.96352;  -46.38518; 50000
 -23.93715;  -46.32468; 30000
 -23.98151;  -46.40113; 10000
 -24.1822;  -46.47813; 10000
 -23.94888;  -46.33691; 50000
 -23.99881;  -46.41451; 30000
 -24.1817;  -46.47877; 80000
 -24.1818;  -46.47876; 190000
 -23.99511;  -46.40726; 20000
 -24.1746;  -46.479; 10000
 -23.98484;  -46.40067; 10000
 -23.96696;  -46.33274; 60000
 -23.95788;  -46.33802; 50000
 -23.99857;  -46.41417; 20000
 -23.97131;  -46.37077; 50000
 -24.1812;  -46.4788; 70000
 -24.1819;  -46.47884; 30000
 -23.9649;  -46.3389; 30000
 -24.1812;  -46.47876; 40000
 -23.9678;  -46.37716; 20000
 -24.1809;  -46.47874; 10000
 -23.97069;  -46.39151; 10000
 -23.96958;  -46.33331; 100000
 -23.99294;  -46.40499; 20000
 -23.94867;  -46.33686; 70000
 -23.99937;  -46.41307; 20000
 -23.95863;  -46.33172; 30000
 -23.96074;  -46.33201; 20000
 -23.99819;  -46.41179; 30000
 -23.96851;  -46.3571; 10000
 -23.99878;  -46.41458; 60000
 -23.96805;  -46.35236; 100000
 -24.1816;  -46.47872; 180000
 -23.93617;  -46.33275; 30000
 -23.99884;  -46.41439; 10000
 -23.93322;  -46.33436; 30000
 -23.99875;  -46.41455; 20000
 -23.99963;  -46.41316; 20000
 -23.95367;  -46.3375; 20000
 -24.156;  -46.42627; 40000
 -23.97013;  -46.36562; 30000
 -23.94421;  -46.32905; 40000
 -23.96825;  -46.35721; 40000
 -24.1814;  -46.47869; 20000
 -24.1819;  -46.47881; 20000
 -23.93417;  -46.33066; 20000
 -23.94979;  -46.33068; 10000
 -23.9639;  -46.38442; 40000
 -23.96909;  -46.33593; 110000
 -23.94028;  -46.32489; 10000
 -23.93691;  -46.32468; 60000
 -24.1811;  -46.47873; 50000
 -24.1813;  -46.47869; 70000
 -23.97215;  -46.39898; 100000
 -23.97028;  -46.38858; 30000
 -23.96836;  -46.35243; 80000
 -23.96403;  -46.38421; 50000
 -23.9689;  -46.38892; 70000
 -23.96747;  -46.37796; 40000
 -23.96861;  -46.33299; 60000
 -23.93471;  -46.33494; 50000
 -23.96906;  -46.39081; 100000
 -23.97131;  -46.37048; 80000
 -23.96989;  -46.38626; 30000
 -23.95924;  -46.33811; 30000
 -23.96677;  -46.33277; 10000
 -23.96203;  -46.3322; 120000
 -23.97125;  -46.39165; 20000
 -24.1815;  -46.47877; 80000
 -23.95057;  -46.3371; 50000
 -23.99716;  -46.41022; 210000
 -23.94422;  -46.32897; 10000
 -23.99476;  -46.40726; 80000
 -23.99905;  -46.41423; 20000
 -23.9677;  -46.3472; 100000
 -23.99594;  -46.40896; 170000
 -23.93398;  -46.3314; 10000
 -23.94425;  -46.32863; 10000
 -24.1817;  -46.47871; 50000
 -23.97169;  -46.39513; 30000
 -23.94726;  -46.33661; 60000
 -23.96869;  -46.33291; 60000
 -23.93794;  -46.32467; 20000
 -23.95363;  -46.33742; 10000
 -23.96879;  -46.38541; 40000
 -23.96976;  -46.39041; 20000
 -23.99859;  -46.41445; 20000
 -23.94851;  -46.33049; 20000
 -23.95249;  -46.33093; 10000
 -23.96805;  -46.34216; 10000
 -23.96151;  -46.33843; 30000
 -23.98048;  -46.40128; 240000
 -23.93335;  -46.33478; 70000
 -23.94953;  -46.33058; 20000
 -23.96539;  -46.38152; 10000
 -23.93692;  -46.32465; 70000
 -23.99882;  -46.41319; 30000
 -24.1803;  -46.47864; 70000
 -23.9606;  -46.3383; 60000
 -23.96831;  -46.35721; 110000
 -23.96911;  -46.39045; 10000
 -23.93427;  -46.33018; 10000
 -23.96377;  -46.38494; 50000
 -23.9455;  -46.33011; 90000
 -23.96861;  -46.33766; 20000
 -23.96822;  -46.33298; 30000
 -23.97181;  -46.37006; 50000
 -23.96529;  -46.3389; 80000
 -23.96956;  -46.33321; 60000
 -23.95581;  -46.33141; 10000
 -23.93564;  -46.33391; 20000
 -23.97002;  -46.37309; 30000
 -24.1809;  -46.47878; 60000
 -24.18;  -46.47865; 30000
 -23.99873;  -46.41468; 40000
 -23.96985;  -46.36666; 80000
 -23.95437;  -46.33757; 80000
 -24.1295;  -46.45763; 30000
 -23.94711;  -46.33032; 10000
 -23.99864;  -46.41445; 50000
 -23.96896;  -46.38558; 40000
 -23.99872;  -46.41445; 20000
 -23.97139;  -46.36883; 20000
 -24.1817;  -46.47876; 10000
 -23.9678;  -46.34583; 110000
 -23.96486;  -46.33881; 90000
 -23.97421;  -46.40174; 30000
 -23.99866;  -46.41447; 60000
 -23.96837;  -46.339; 140000
 -23.99681;  -46.40986; 40000
 -23.96822;  -46.34074; 30000
 -23.96795;  -46.38445; 10000
 -23.97034;  -46.36777; 50000
 -23.99869;  -46.41441; 20000
 -23.9986;  -46.41441; 10000
 -24.182;  -46.47876; 130000
 -23.93486;  -46.32771; 20000
 -23.97073;  -46.37181; 40000
 -23.96828;  -46.34957; 10000
 -23.96894;  -46.38892; 20000
 -23.99917;  -46.41537; 50000
 -24.1815;  -46.47879; 110000
 -23.96904;  -46.36257; 50000
 -23.97095;  -46.36875; 70000
 -23.97125;  -46.3709; 10000
 -23.9716;  -46.39248; 60000
 -23.96484;  -46.38258; 10000
 -24.1824;  -46.47873; 30000
 -23.96418;  -46.38572; 20000
 -24.1812;  -46.47873; 70000
 -24.1819;  -46.47853; 10000
 -24.1809;  -46.47871; 80000
 -23.96879;  -46.38868; 60000
 -23.97027;  -46.36812; 30000
 -23.96883;  -46.38874; 20000
 -23.97114;  -46.39151; 40000
 -24.1442;  -46.45965; 20000
 -24.597;  -46.44386; 140000
 -24.1814;  -46.47875; 80000
 -24.1816;  -46.47869; 70000
 -23.96712;  -46.38175; 20000
 -23.967;  -46.33272; 10000
 -23.96903;  -46.37507; 90000
 -23.96945;  -46.36402; 30000
 -23.96782;  -46.34584; 20000
 -23.96402;  -46.38421; 50000
 -23.96467;  -46.3326; 50000
 -23.99868;  -46.4146; 20000
 -23.96627;  -46.38026; 60000
 -23.99878;  -46.41462; 30000
 -23.99868;  -46.41448; 30000
 -23.96954;  -46.33305; 10000
 -23.97128;  -46.36904; 30000
 -23.95247;  -46.33735; 70000
 -24.1818;  -46.47871; 10000
 -23.96844;  -46.35336; 10000
 -23.96984;  -46.38619; 20000
 -23.99882;  -46.4144; 40000
 -23.93693;  -46.32457; 100000
 -23.94868;  -46.33049; 70000
 -23.99867;  -46.4144; 50000
 -23.9986;  -46.41446; 50000
 -24.182;  -46.47873; 180000
 -24.181;  -46.47873; 20000
 -23.96791;  -46.34921; 20000
 -23.99866;  -46.41445; 70000
 -23.95675;  -46.33785; 50000
 -23.96972;  -46.36492; 100000
 -23.9662;  -46.38656; 70000
 -24.1803;  -46.47868; 110000
 -23.96349;  -46.33243; 10000
 -23.95824;  -46.33804; 70000
 -23.93602;  -46.33285; 150000
 -24.1816;  -46.4785; 80000
 -23.96789;  -46.34524; 30000
 -24.1808;  -46.47872; 40000
 -23.96151;  -46.33847; 10000
 -23.96897;  -46.33589; 10000
 -23.9519;  -46.33092; 80000
 -23.95005;  -46.33064; 110000
 -23.93482;  -46.32818; 20000
 -23.97128;  -46.39165; 50000
 -23.97027;  -46.36739; 10000
 -23.97176;  -46.36963; 20000
 -23.94861;  -46.33683; 30000
 -23.96654;  -46.38673; 20000
 -23.95977;  -46.33183; 40000
 -23.96872;  -46.37541; 10000
 -23.96718;  -46.37842; 20000
 -24.1817;  -46.47874; 70000
 -23.96956;  -46.37401; 80000
 -23.96847;  -46.3593; 40000
 -23.9717;  -46.39406; 20000
 -23.94452;  -46.32592; 50000
 -23.93377;  -46.33261; 30000
 -23.96365;  -46.33243; 80000
 -23.99879;  -46.41453; 20000
 -24.1819;  -46.47876; 230000
 -24.1813;  -46.4788; 90000
 -23.96879;  -46.38544; 30000
 -23.97084;  -46.37174; 50000
 -23.99876;  -46.41447; 20000
 -23.96907;  -46.37507; 40000
 -24.1823;  -46.47876; 30000
 -23.96812;  -46.38406; 40000
 -23.95086;  -46.33082; 20000
 -24.1821;  -46.47875; 100000
 -23.9643;  -46.38569; 10000
 -23.96345;  -46.38538; 30000
 -24.1803;  -46.47872; 20000
 -23.99869;  -46.41446; 10000
 -23.97217;  -46.39898; 30000
 -23.93992;  -46.32491; 60000
 -23.97274;  -46.40166; 80000
 -23.98993;  -46.4013; 30000
 -23.96779;  -46.33901; 80000
 -23.968;  -46.38432; 20000
 -24.1811;  -46.47871; 150000
 -23.99534;  -46.40762; 10000
 -23.99867;  -46.41459; 60000
 -23.96916;  -46.38539; 30000
 -23.9685;  -46.35995; 30000
 -23.9687;  -46.38302; 20000
 -23.96093;  -46.33836; 90000
 -23.96782;  -46.34693; 130000
 -23.96564;  -46.38638; 70000
 -24.1813;  -46.47877; 30000
 -23.96702;  -46.33267; 120000
 -23.96906;  -46.39095; 30000
 -23.93529;  -46.32525; 40000
 -23.96815;  -46.34039; 10000
 -24.1815;  -46.4788; 20000
 -23.96946;  -46.36328; 10000
 -23.95051;  -46.33714; 30000
 -23.96819;  -46.33286; 40000
 -23.96098;  -46.33837; 260000
 -23.96524;  -46.33889; 70000
 -24.1817;  -46.4787; 60000
 -24.1811;  -46.47879; 10000
 -23.97024;  -46.38884; 30000
 -23.93661;  -46.32464; 10000
 -23.99879;  -46.41337; 60000
 -24.1817;  -46.47873; 120000
 -24.1824;  -46.47842; 50000
 -23.96722;  -46.37832; 140000
 -23.96989;  -46.36677; 50000
 -23.96989;  -46.36547; 40000
 -23.95177;  -46.33084; 50000
 -23.99126;  -46.40246; 20000
 -24.1826;  -46.47879; 160000
 -23.9698;  -46.39033; 20000
 -24.1819;  -46.47879; 10000
 -23.97194;  -46.36967; 30000
 -23.97042;  -46.37228; 40000
 -23.94431;  -46.33002; 30000
 -23.99865;  -46.41454; 10000
 -23.9988;  -46.41442; 20000
 -23.94384;  -46.32515; 10000
 -23.96892;  -46.3889; 10000
 -23.96479;  -46.33259; 50000
 -23.99872;  -46.41442; 70000
 -23.97467;  -46.40167; 60000
 -23.96375;  -46.38504; 30000
 -23.99867;  -46.41455; 30000
 -23.96481;  -46.38266; 20000
 -23.97089;  -46.37142; 40000
 -24.1813;  -46.47878; 20000
 -23.99862;  -46.41446; 20000
 -24.1813;  -46.47882; 80000
 -23.96822;  -46.33975; 10000
 -24.1822;  -46.47821; 20000
 -23.94108;  -46.32501; 50000
 -23.99879;  -46.41428; 70000
 -23.94693;  -46.33028; 70000
 -23.97037;  -46.3723; 50000
 -23.94456;  -46.33001; 10000
 -23.97137;  -46.36899; 120000
 -23.96871;  -46.35931; 40000
 -23.96573;  -46.3809; 10000
 -24.182;  -46.47871; 50000
 -23.99892;  -46.41358; 10000
 -23.97148;  -46.37037; 80000
 -23.96624;  -46.381; 30000
 -23.968;  -46.34586; 10000
 -23.99829;  -46.41405; 40000
 -23.96886;  -46.33602; 40000
 -23.96789;  -46.34769; 20000
 -23.99883;  -46.41445; 50000
 -24.1819;  -46.47917; 10000
 -23.96906;  -46.39058; 30000
 -23.96913;  -46.38919; 20000
 -23.96965;  -46.37377; 100000
 -23.94954;  -46.33695; 40000
 -23.9368;  -46.32469; 60000
 -23.9691;  -46.36144; 30000
 -23.95191;  -46.33726; 40000
 -23.96968;  -46.36469; 10000
 -24.182;  -46.47846; 20000
 -23.96918;  -46.37488; 90000
 -23.96786;  -46.38733; 10000
 -23.9789;  -46.40126; 20000
 -23.96922;  -46.33478; 50000
 -23.99864;  -46.41447; 10000
 -23.96518;  -46.38198; 10000
 -23.96616;  -46.38006; 30000
 -23.9987;  -46.41446; 10000
 -23.9639;  -46.38447; 60000
 -23.96666;  -46.38137; 30000
 -24.1816;  -46.47882; 70000
 -23.99873;  -46.41446; 60000
 -23.9648;  -46.33255; 80000
 -24.1822;  -46.47874; 220000
 -24.1818;  -46.47868; 100000
 -23.97176;  -46.36951; 60000
 -23.93786;  -46.32465; 60000
 -23.96834;  -46.35147; 10000
 -23.9907;  -46.40193; 70000
 -23.97189;  -46.39561; 40000
 -23.99922;  -46.41543; 10000
 -23.96787;  -46.34526; 30000
 -24.1801;  -46.47865; 100000
 -23.96788;  -46.34804; 150000
 -23.95066;  -46.3371; 60000
 -23.95941;  -46.33184; 30000
 -23.96814;  -46.34962; 10000
 -23.96933;  -46.33419; 140000
 -23.9716;  -46.39278; 20000
 -23.94445;  -46.32658; 60000
 -23.98644;  -46.40051; 30000
 -23.95946;  -46.33186; 60000
 -23.99538;  -46.40772; 140000
 -24.1813;  -46.47868; 40000
 -24.1812;  -46.47871; 110000
 -23.9715;  -46.3702; 50000
 -23.96674;  -46.37933; 80000
 -23.94977;  -46.33061; 10000
 -23.96789;  -46.38229; 10000
 -24.1809;  -46.47877; 30000
 -23.972;  -46.39715; 30000
 -23.99864;  -46.41435; 120000
 -23.96791;  -46.38443; 40000
 -24.1826;  -46.47877; 50000
 -23.96944;  -46.38716; 30000
 -23.96625;  -46.38026; 20000
 -23.99875;  -46.41441; 20000
 -23.94439;  -46.32993; 60000
 -23.93482;  -46.32837; 40000
 -23.96375;  -46.38552; 10000
 -23.96154;  -46.33843; 20000
 -23.99631;  -46.40929; 10000
 -24.1816;  -46.47875; 40000
 -24.1821;  -46.47874; 170000
 -24.24;  -46.43055; 60000
 -23.99868;  -46.41453; 10000
 -23.9985;  -46.41452; 10000
 -23.96751;  -46.38192; 50000
 -23.96356;  -46.33868; 10000
 -24.1818;  -46.47873; 170000
 -23.95696;  -46.33786; 10000
 -23.93472;  -46.32778; 50000
 -23.96817;  -46.34018; 60000
 -23.96807;  -46.34234; 80000
 -23.97152;  -46.37027; 30000
 -23.96639;  -46.40085; 50000
 -23.93574;  -46.33387; 60000
 -24.181;  -46.47875; 70000
 -23.94432;  -46.32763; 120000
 -23.99871;  -46.41456; 30000
 -23.95696;  -46.33792; 30000
 -23.96843;  -46.33879; 10000
 -23.96916;  -46.33306; 40000
 -23.9679;  -46.34935; 50000
 -23.96603;  -46.38088; 10000
 -23.96746;  -46.38188; 10000
 -23.96552;  -46.3389; 20000
 -23.99866;  -46.4144; 10000
 -23.93367;  -46.33254; 10000
 -23.94442;  -46.32693; 60000
 -24.1813;  -46.47872; 330000
 -24.181;  -46.47868; 30000
 -24.1808;  -46.47874; 140000
 -23.96599;  -46.38653; 10000
 -23.96683;  -46.3327; 80000
 -23.96719;  -46.40197; 30000
 -23.98075;  -46.40107; 30000
 -24.526;  -46.44105; 90000
 -23.96828;  -46.40219; 10000
 -23.9683;  -46.38543; 30000
 -23.99936;  -46.4142; 30000
 -23.96655;  -46.38675; 130000
 -23.95613;  -46.33139; 30000
 -23.94401;  -46.3252; 20000
 -23.97195;  -46.39734; 10000
 -23.96873;  -46.37529; 40000
 -23.99807;  -46.41353; 60000
 -23.93412;  -46.33146; 60000
 -23.9684;  -46.35388; 30000
 -23.9679;  -46.33912; 60000
 -23.95496;  -46.3313; 40000
 -24.1822;  -46.47922; 10000
 -23.96739;  -46.37804; 30000
 -23.9981;  -46.41365; 20000
 -24.1819;  -46.47874; 200000
 -23.94821;  -46.33678; 30000
 -23.98678;  -46.40043; 60000
 -23.94468;  -46.33003; 130000
 -23.968;  -46.34407; 10000
 -24.1816;  -46.47854; 10000
 -24.1823;  -46.47874; 90000
 -23.9359;  -46.32449; 60000
 -24.1818;  -46.47878; 10000
 -23.97027;  -46.36748; 20000
 -23.96848;  -46.3536; 10000
 -23.96866;  -46.38542; 30000
 -23.956886;  -46.33786099; 90000
 -24.1824;  -46.47875; 60000
 -23.97157;  -46.39162; 30000
 -23.99655;  -46.40924; 30000
 -23.96862;  -46.38782; 20000
 -24.1811;  -46.47877; 20000
 -23.96834;  -46.35243; 130000
 -23.99904;  -46.41423; 30000
 -23.950733;  -46.33714; 50000
 -23.9346;  -46.32823; 30000
 -24.1813;  -46.47879; 10000
 -23.97132;  -46.37067; 10000
 -23.96812;  -46.38254; 50000
 -23.99863;  -46.41445; 40000
 -23.97231;  -46.40102; 80000
 -23.97184;  -46.39474; 20000
 -24.304;  -46.43465; 20000
 -23.94161;  -46.325; 40000
 -24.1815;  -46.47873; 60000
 -23.97058;  -46.36845; 100000
 -23.93486;  -46.33476; 150000
 -24.1813;  -46.47871; 90000
 -23.96839;  -46.33297; 20000
 -23.99935;  -46.4142; 20000
 -23.96852;  -46.33298; 80000
 -23.95667;  -46.33783; 50000
 -23.96433;  -46.38368; 10000
 -23.95368;  -46.33106; 10000
 -23.96033;  -46.33826; 100000
 -23.96863;  -46.3567; 40000
 -23.96782;  -46.37735; 100000
 -23.96705;  -46.37853; 60000
 -23.95339;  -46.33745; 10000
 -23.96786;  -46.34521; 40000
 -23.94886;  -46.33057; 20000
 -23.99864;  -46.41442; 10000
 -23.99918;  -46.41543; 60000
 -23.96465;  -46.33251; 20000
 -23.96911;  -46.36165; 70000
 -24.1745;  -46.479; 20000
 -23.94425;  -46.33001; 20000
 -24.1813;  -46.47881; 40000
 -23.99866;  -46.41448; 70000
 -23.96854;  -46.35744; 10000
 -23.95683;  -46.33785; 70000
 -23.93491;  -46.33472; 60000
 -23.97192;  -46.39631; 60000
 -23.97153;  -46.3703; 50000
 -24.1813;  -46.47692; 10000
 -24.42;  -46.43686; 70000
 -23.96962;  -46.3638; 90000
 -24.1811;  -46.4787; 30000
 -24.1813;  -46.47874; 20000
 -23.96931;  -46.3633; 70000
 -23.95321;  -46.3374; 20000
 -23.99863;  -46.41442; 10000
 -23.95662;  -46.33148; 60000
 -23.96905;  -46.38551; 50000
 -23.96801;  -46.3433; 10000
 -23.97155;  -46.39854; 20000
 -23.93424;  -46.33526; 30000
 -23.93419;  -46.33527; 10000
 -23.95029;  -46.33068; 90000
 -23.99871;  -46.4144; 50000
 -23.96837;  -46.353; 20000
 -23.97014;  -46.38783; 30000
 -24.1816;  -46.47859; 10000
 -23.96926;  -46.38575; 40000
 -24.1821;  -46.47863; 20000
 -23.99875;  -46.41443; 20000
 -23.96433;  -46.38582; 50000
 -24.1804;  -46.47871; 10000
 -23.96091;  -46.3384; 20000
 -23.99869;  -46.41454; 10000
 -23.96091;  -46.33842; 10000
 -23.99934;  -46.41425; 50000
 -23.97249;  -46.40153; 50000
 -23.95253;  -46.33092; 10000
 -24.1809;  -46.47869; 10000
 -23.96939;  -46.40094; 180000
 -23.96038;  -46.33193; 20000
 -23.93387;  -46.33179; 70000
 -23.96073;  -46.33832; 140000
 -23.95258;  -46.33095; 60000
 -23.97216;  -46.3989; 60000
 -23.96926;  -46.38579; 10000
 -23.96808;  -46.35084; 60000
 -23.96901;  -46.37512; 70000
 -23.9693;  -46.37433; 50000
 -23.99872;  -46.41449; 10000
 -23.95022;  -46.33071; 10000
 -23.96873;  -46.38536; 20000
 -23.93381;  -46.33193; 10000
 -23.99866;  -46.41443; 30000
 -23.97161;  -46.37022; 70000
 -23.94879;  -46.33056; 10000
 -24.1818;  -46.47874; 160000
 -23.99864;  -46.4146; 10000
 -23.9682;  -46.33284; 40000
 -23.9685;  -46.35224; 40000
 -23.96826;  -46.35135; 10000
 -23.99864;  -46.4143; 70000
 -24.1812;  -46.47883; 40000
 -23.96714;  -46.38172; 60000
 -23.98683;  -46.40047; 10000
 -23.96828;  -46.35791; 10000
 -23.94453;  -46.32539; 60000
 -23.96841;  -46.35821; 100000
 -23.95753;  -46.33796; 80000
 -23.9707;  -46.37167; 10000
 -23.96092;  -46.33206; 60000
 -23.9679;  -46.38451; 10000
 -24.1807;  -46.47874; 80000
 -23.9717;  -46.39277; 20000
 -23.93505;  -46.32649; 40000
 -24.1824;  -46.47877; 140000
 -24.1819;  -46.47885; 20000
 -24.1812;  -46.47877; 10000
 -24.1809;  -46.47875; 90000
 -23.96792;  -46.3436; 60000
 -23.9342;  -46.33529; 20000
 -23.99864;  -46.41438; 30000
 -23.97189;  -46.39659; 120000
 -23.96835;  -46.40206; 120000
 -24.1809;  -46.47873; 10000
 -23.96351;  -46.38533; 10000
 -24.1821;  -46.47873; 120000
 -23.9683;  -46.35331; 10000
 -24.1816;  -46.47873; 120000
 -24.1819;  -46.47873; 30000
 -23.97091;  -46.3915; 30000
 -23.96357;  -46.38528; 30000
 -23.96826;  -46.3396; 50000
 -23.99931;  -46.41422; 30000
 -23.96449;  -46.33879; 40000
 -23.96532;  -46.38161; 60000
 -23.96985;  -46.36569; 10000
 -23.93354;  -46.33279; 20000
 -23.96714;  -46.33256; 90000
 -23.99924;  -46.41226; 20000
 -23.96242;  -46.33856; 40000
 -23.96386;  -46.38451; 20000
 -23.95811;  -46.33165; 70000
 -23.96517;  -46.33881; 30000
 -23.95373;  -46.33748; 50000
 -23.9681;  -46.34166; 10000
 -24.182;  -46.47874; 10000
 -24.1811;  -46.47872; 40000
 -23.99505;  -46.40723; 20000
 -23.99881;  -46.41487; 10000
 -23.96982;  -46.3656; 30000
 -23.9653;  -46.38159; 20000
 -23.96102;  -46.33843; 70000
 -23.99447;  -46.40668; 30000
 -23.95162;  -46.33721; 20000
 -23.96914;  -46.37484; 50000
 -23.96381;  -46.38551; 10000
 -23.97025;  -46.36748; 70000
 -24.77;  -46.42259; 10000
 -24.1825;  -46.47874; 60000
 -23.95982;  -46.33189; 10000
 -23.96905;  -46.39096; 10000
 -24.1815;  -46.47876; 50000
 -23.96634;  -46.38018; 30000
 -23.96528;  -46.33888; 10000
 -23.95993;  -46.33185; 50000
 -23.99883;  -46.41349; 20000
 -23.9993;  -46.41424; 20000
 -24.1814;  -46.4787; 60000
 -24.1746;  -46.47904; 20000
 -23.93419;  -46.33526; 50000
 -23.99897;  -46.41503; 10000
 -24.1818;  -46.47883; 30000
 -23.96012;  -46.33194; 40000
 -23.99504;  -46.40722; 40000
 -23.96922;  -46.33303; 20000
